Geography,Start Year,End Year,Year,Sex,Age Group,Race/Ethnicity,Topic,Sub-topic,Category,Sub-Category,Denominator,Case Count,Measure,Lower CI,Upper CI,Statistical Significance,Stability,Measurement Unit
Abington,2014,N/A,2014,Total,Total all ages,All Races - Ethnicities,Hospitalization - Chronic Illness,Diabetes,Admissions/Observations,Age-Adjusted Rate,16985.07686217,35,192,128.4,255.6,N/A,Stable,"Age-Adjusted Rate per 100,000"
Acton,2014,N/A,2014,Total,Total all ages,All Races - Ethnicities,Hospitalization - Chronic Illness,Diabetes,Admissions/Observations,Age-Adjusted Rate,23026.78863111,13,66.6,30.4,102.8,N/A,Stable,"Age-Adjusted Rate per 100,000"
Acushnet,2014,N/A,2014,Total,Total all ages,All Races - Ethnicities,Hospitalization - Chronic Illness,Diabetes,Admissions/Observations,Age-Adjusted Rate,10414.08405106,19,170.9,94.1,247.7,N/A,Stable,"Age-Adjusted Rate per 100,000"
Adams,2014,N/A,2014,Total,Total all ages,All Races - Ethnicities,Hospitalization - Chronic Illness,Diabetes,Admissions/Observations,Age-Adjusted Rate,8389.84987688,NS,NS,NS,NS,N/A,NS,"Age-Adjusted Rate per 100,000"
Agawam,2014,N/A,2014,Total,Total all ages,All Races - Ethnicities,Hospitalization - Chronic Illness,Diabetes,Admissions/Observations,Age-Adjusted Rate,28759.51001201,72,199.6,153.5,245.7,N/A,Stable,"Age-Adjusted Rate per 100,000"
Alford,2014,N/A,2014,Total,Total all ages,All Races - Ethnicities,Hospitalization - Chronic Illness,Diabetes,Admissions/Observations,Age-Adjusted Rate,481.96254456,0,0,0,0,N/A,Unstable,"Age-Adjusted Rate per 100,000"
Amesbury,2014,N/A,2014,Total,Total all ages,All Races - Ethnicities,Hospitalization - Chronic Illness,Diabetes,Admissions/Observations,Age-Adjusted Rate,16603.19625046,21,113.6,65,162.2,N/A,Stable,"Age-Adjusted Rate per 100,000"
Amherst,2014,N/A,2014,Total,Total all ages,All Races - Ethnicities,Hospitalization - Chronic Illness,Diabetes,Admissions/Observations,Age-Adjusted Rate,40349.13240329,11,53.4,21.8,85,N/A,Unstable,"Age-Adjusted Rate per 100,000"
Andover,2014,N/A,2014,Total,Total all ages,All Races - Ethnicities,Hospitalization - Chronic Illness,Diabetes,Admissions/Observations,Age-Adjusted Rate,34948.22415839,32,89.8,58.7,120.9,N/A,Stable,"Age-Adjusted Rate per 100,000"
Aquinnah,2014,N/A,2014,Total,Total all ages,All Races - Ethnicities,Hospitalization - Chronic Illness,Diabetes,Admissions/Observations,Age-Adjusted Rate,294.6458141,0,0,0,0,N/A,Unstable,"Age-Adjusted Rate per 100,000"
Arlington,2014,N/A,2014,Total,Total all ages,All Races - Ethnicities,Hospitalization - Chronic Illness,Diabetes,Admissions/Observations,Age-Adjusted Rate,44628.35487506,47,111.2,79.4,143,N/A,Stable,"Age-Adjusted Rate per 100,000"
Ashburnham,2014,N/A,2014,Total,Total all ages,All Races - Ethnicities,Hospitalization - Chronic Illness,Diabetes,Admissions/Observations,Age-Adjusted Rate,6201.77545315,NS,NS,NS,NS,N/A,NS,"Age-Adjusted Rate per 100,000"
Ashby,2014,N/A,2014,Total,Total all ages,All Races - Ethnicities,Hospitalization - Chronic Illness,Diabetes,Admissions/Observations,Age-Adjusted Rate,3293.71230564,NS,NS,NS,NS,N/A,NS,"Age-Adjusted Rate per 100,000"
Ashfield,2014,N/A,2014,Total,Total all ages,All Races - Ethnicities,Hospitalization - Chronic Illness,Diabetes,Admissions/Observations,Age-Adjusted Rate,1724.7054414,NS,NS,NS,NS,N/A,NS,"Age-Adjusted Rate per 100,000"
Ashland,2014,N/A,2014,Total,Total all ages,All Races - Ethnicities,Hospitalization - Chronic Illness,Diabetes,Admissions/Observations,Age-Adjusted Rate,18148.72277876,13,68.9,31.4,106.4,N/A,Stable,"Age-Adjusted Rate per 100,000"
Athol,2014,N/A,2014,Total,Total all ages,All Races - Ethnicities,Hospitalization - Chronic Illness,Diabetes,Admissions/Observations,Age-Adjusted Rate,11815.11379029,37,302.8,205.2,400.4,N/A,Stable,"Age-Adjusted Rate per 100,000"
Attleboro,2014,N/A,2014,Total,Total all ages,All Races - Ethnicities,Hospitalization - Chronic Illness,Diabetes,Admissions/Observations,Age-Adjusted Rate,44815.33134215,68,143.4,109.3,177.5,N/A,Stable,"Age-Adjusted Rate per 100,000"
Auburn,2014,N/A,2014,Total,Total all ages,All Races - Ethnicities,Hospitalization - Chronic Illness,Diabetes,Admissions/Observations,Age-Adjusted Rate,16359.77789609,27,112.2,69.9,154.5,N/A,Stable,"Age-Adjusted Rate per 100,000"
Avon,2014,N/A,2014,Total,Total all ages,All Races - Ethnicities,Hospitalization - Chronic Illness,Diabetes,Admissions/Observations,Age-Adjusted Rate,4392.08233452,NS,NS,NS,NS,N/A,NS,"Age-Adjusted Rate per 100,000"
Ayer,2014,N/A,2014,Total,Total all ages,All Races - Ethnicities,Hospitalization - Chronic Illness,Diabetes,Admissions/Observations,Age-Adjusted Rate,7826.12642776,19,224.1,123.3,324.9,N/A,Stable,"Age-Adjusted Rate per 100,000"
Barnstable,2014,N/A,2014,Total,Total all ages,All Races - Ethnicities,Hospitalization - Chronic Illness,Diabetes,Admissions/Observations,Age-Adjusted Rate,44909.93927242,74,137.2,105.9,168.5,N/A,Stable,"Age-Adjusted Rate per 100,000"
Barre,2014,N/A,2014,Total,Total all ages,All Races - Ethnicities,Hospitalization - Chronic Illness,Diabetes,Admissions/Observations,Age-Adjusted Rate,5497.44700778,NS,NS,NS,NS,N/A,NS,"Age-Adjusted Rate per 100,000"
Becket,2014,N/A,2014,Total,Total all ages,All Races - Ethnicities,Hospitalization - Chronic Illness,Diabetes,Admissions/Observations,Age-Adjusted Rate,1791.0126887,NS,NS,NS,NS,N/A,NS,"Age-Adjusted Rate per 100,000"
Bedford,2014,N/A,2014,Total,Total all ages,All Races - Ethnicities,Hospitalization - Chronic Illness,Diabetes,Admissions/Observations,Age-Adjusted Rate,14205.88136108,11,65.4,26.8,104,N/A,Unstable,"Age-Adjusted Rate per 100,000"
Belchertown,2014,N/A,2014,Total,Total all ages,All Races - Ethnicities,Hospitalization - Chronic Illness,Diabetes,Admissions/Observations,Age-Adjusted Rate,15237.47487799,20,125,70.2,179.8,N/A,Stable,"Age-Adjusted Rate per 100,000"
Bellingham,2014,N/A,2014,Total,Total all ages,All Races - Ethnicities,Hospitalization - Chronic Illness,Diabetes,Admissions/Observations,Age-Adjusted Rate,17218.83573197,18,98.2,52.8,143.6,N/A,Stable,"Age-Adjusted Rate per 100,000"
Belmont,2014,N/A,2014,Total,Total all ages,All Races - Ethnicities,Hospitalization - Chronic Illness,Diabetes,Admissions/Observations,Age-Adjusted Rate,26192.00552589,13,38.2,17.4,59,N/A,Stable,"Age-Adjusted Rate per 100,000"
Berkley,2014,N/A,2014,Total,Total all ages,All Races - Ethnicities,Hospitalization - Chronic Illness,Diabetes,Admissions/Observations,Age-Adjusted Rate,6606.56655605,NS,NS,NS,NS,N/A,NS,"Age-Adjusted Rate per 100,000"
Berlin,2014,N/A,2014,Total,Total all ages,All Races - Ethnicities,Hospitalization - Chronic Illness,Diabetes,Admissions/Observations,Age-Adjusted Rate,3040.86125082,NS,NS,NS,NS,N/A,NS,"Age-Adjusted Rate per 100,000"
Bernardston,2014,N/A,2014,Total,Total all ages,All Races - Ethnicities,Hospitalization - Chronic Illness,Diabetes,Admissions/Observations,Age-Adjusted Rate,2108.65468638,NS,NS,NS,NS,N/A,NS,"Age-Adjusted Rate per 100,000"
Beverly,2014,N/A,2014,Total,Total all ages,All Races - Ethnicities,Hospitalization - Chronic Illness,Diabetes,Admissions/Observations,Age-Adjusted Rate,40771.40925625,63,135.1,101.7,168.5,N/A,Stable,"Age-Adjusted Rate per 100,000"
Billerica,2014,N/A,2014,Total,Total all ages,All Races - Ethnicities,Hospitalization - Chronic Illness,Diabetes,Admissions/Observations,Age-Adjusted Rate,42243.01183081,75,170.6,132,209.2,N/A,Stable,"Age-Adjusted Rate per 100,000"
Blackstone,2014,N/A,2014,Total,Total all ages,All Races - Ethnicities,Hospitalization - Chronic Illness,Diabetes,Admissions/Observations,Age-Adjusted Rate,9065.76266305,NS,NS,NS,NS,N/A,NS,"Age-Adjusted Rate per 100,000"
Blandford,2014,N/A,2014,Total,Total all ages,All Races - Ethnicities,Hospitalization - Chronic Illness,Diabetes,Admissions/Observations,Age-Adjusted Rate,1234.97742251,0,0,0,0,N/A,Unstable,"Age-Adjusted Rate per 100,000"
Bolton,2014,N/A,2014,Total,Total all ages,All Races - Ethnicities,Hospitalization - Chronic Illness,Diabetes,Admissions/Observations,Age-Adjusted Rate,4999.50847488,NS,NS,NS,NS,N/A,NS,"Age-Adjusted Rate per 100,000"
Boston,2014,N/A,2014,Total,Total all ages,All Races - Ethnicities,Hospitalization - Chronic Illness,Diabetes,Admissions/Observations,Age-Adjusted Rate,661477.99227234,1566,254.4,241.8,267,N/A,Stable,"Age-Adjusted Rate per 100,000"
Bourne,2014,N/A,2014,Total,Total all ages,All Races - Ethnicities,Hospitalization - Chronic Illness,Diabetes,Admissions/Observations,Age-Adjusted Rate,20355.97482083,38,200.8,137,264.6,N/A,Stable,"Age-Adjusted Rate per 100,000"
Boxborough,2014,N/A,2014,Total,Total all ages,All Races - Ethnicities,Hospitalization - Chronic Illness,Diabetes,Admissions/Observations,Age-Adjusted Rate,5113.51118305,NS,NS,NS,NS,N/A,NS,"Age-Adjusted Rate per 100,000"
Boxford,2014,N/A,2014,Total,Total all ages,All Races - Ethnicities,Hospitalization - Chronic Illness,Diabetes,Admissions/Observations,Age-Adjusted Rate,7926.68249184,NS,NS,NS,NS,N/A,NS,"Age-Adjusted Rate per 100,000"
Boylston,2014,N/A,2014,Total,Total all ages,All Races - Ethnicities,Hospitalization - Chronic Illness,Diabetes,Admissions/Observations,Age-Adjusted Rate,4435.25974704,NS,NS,NS,NS,N/A,NS,"Age-Adjusted Rate per 100,000"
Braintree,2014,N/A,2014,Total,Total all ages,All Races - Ethnicities,Hospitalization - Chronic Illness,Diabetes,Admissions/Observations,Age-Adjusted Rate,37735.46634152,63,143.3,107.9,178.7,N/A,Stable,"Age-Adjusted Rate per 100,000"
Brewster,2014,N/A,2014,Total,Total all ages,All Races - Ethnicities,Hospitalization - Chronic Illness,Diabetes,Admissions/Observations,Age-Adjusted Rate,9860.00517222,NS,NS,NS,NS,N/A,NS,"Age-Adjusted Rate per 100,000"
Bridgewater,2014,N/A,2014,Total,Total all ages,All Races - Ethnicities,Hospitalization - Chronic Illness,Diabetes,Admissions/Observations,Age-Adjusted Rate,27669.23385114,28,108.1,68.1,148.1,N/A,Stable,"Age-Adjusted Rate per 100,000"
Brimfield,2014,N/A,2014,Total,Total all ages,All Races - Ethnicities,Hospitalization - Chronic Illness,Diabetes,Admissions/Observations,Age-Adjusted Rate,3693.43690577,NS,NS,NS,NS,N/A,NS,"Age-Adjusted Rate per 100,000"
Brockton,2014,N/A,2014,Total,Total all ages,All Races - Ethnicities,Hospitalization - Chronic Illness,Diabetes,Admissions/Observations,Age-Adjusted Rate,94849.49146725,402,404.6,365,444.2,N/A,Stable,"Age-Adjusted Rate per 100,000"
Brookfield,2014,N/A,2014,Total,Total all ages,All Races - Ethnicities,Hospitalization - Chronic Illness,Diabetes,Admissions/Observations,Age-Adjusted Rate,3535.09514244,NS,NS,NS,NS,N/A,NS,"Age-Adjusted Rate per 100,000"
Brookline,2014,N/A,2014,Total,Total all ages,All Races - Ethnicities,Hospitalization - Chronic Illness,Diabetes,Admissions/Observations,Age-Adjusted Rate,61876.03054895,43,64.4,45.2,83.6,N/A,Stable,"Age-Adjusted Rate per 100,000"
Buckland,2014,N/A,2014,Total,Total all ages,All Races - Ethnicities,Hospitalization - Chronic Illness,Diabetes,Admissions/Observations,Age-Adjusted Rate,1881.33860485,0,0,0,0,N/A,Unstable,"Age-Adjusted Rate per 100,000"
Burlington,2014,N/A,2014,Total,Total all ages,All Races - Ethnicities,Hospitalization - Chronic Illness,Diabetes,Admissions/Observations,Age-Adjusted Rate,26209.60274657,56,184.7,136.3,233.1,N/A,Stable,"Age-Adjusted Rate per 100,000"
Cambridge,2014,N/A,2014,Total,Total all ages,All Races - Ethnicities,Hospitalization - Chronic Illness,Diabetes,Admissions/Observations,Age-Adjusted Rate,109738.06115715,88,96,75.9,116.1,N/A,Stable,"Age-Adjusted Rate per 100,000"
Canton,2014,N/A,2014,Total,Total all ages,All Races - Ethnicities,Hospitalization - Chronic Illness,Diabetes,Admissions/Observations,Age-Adjusted Rate,22438.08113299,43,156.3,109.6,203,N/A,Stable,"Age-Adjusted Rate per 100,000"
Carlisle,2014,N/A,2014,Total,Total all ages,All Races - Ethnicities,Hospitalization - Chronic Illness,Diabetes,Admissions/Observations,Age-Adjusted Rate,4868.43298565,NS,NS,NS,NS,N/A,NS,"Age-Adjusted Rate per 100,000"
Carver,2014,N/A,2014,Total,Total all ages,All Races - Ethnicities,Hospitalization - Chronic Illness,Diabetes,Admissions/Observations,Age-Adjusted Rate,11871.87194071,31,250.1,162.1,338.1,N/A,Stable,"Age-Adjusted Rate per 100,000"
Charlemont,2014,N/A,2014,Total,Total all ages,All Races - Ethnicities,Hospitalization - Chronic Illness,Diabetes,Admissions/Observations,Age-Adjusted Rate,1223.85509344,NS,NS,NS,NS,N/A,NS,"Age-Adjusted Rate per 100,000"
Charlton,2014,N/A,2014,Total,Total all ages,All Races - Ethnicities,Hospitalization - Chronic Illness,Diabetes,Admissions/Observations,Age-Adjusted Rate,13566.27402821,16,118.9,60.6,177.2,N/A,Stable,"Age-Adjusted Rate per 100,000"
Chatham,2014,N/A,2014,Total,Total all ages,All Races - Ethnicities,Hospitalization - Chronic Illness,Diabetes,Admissions/Observations,Age-Adjusted Rate,5977.45325963,NS,NS,NS,NS,N/A,NS,"Age-Adjusted Rate per 100,000"
Chelmsford,2014,N/A,2014,Total,Total all ages,All Races - Ethnicities,Hospitalization - Chronic Illness,Diabetes,Admissions/Observations,Age-Adjusted Rate,35172.28896679,42,96.9,67.6,126.2,N/A,Stable,"Age-Adjusted Rate per 100,000"
Chelsea,2014,N/A,2014,Total,Total all ages,All Races - Ethnicities,Hospitalization - Chronic Illness,Diabetes,Admissions/Observations,Age-Adjusted Rate,37033.04300479,84,255.5,200.9,310.1,N/A,Stable,"Age-Adjusted Rate per 100,000"
Cheshire,2014,N/A,2014,Total,Total all ages,All Races - Ethnicities,Hospitalization - Chronic Illness,Diabetes,Admissions/Observations,Age-Adjusted Rate,3111.86636574,NS,NS,NS,NS,N/A,NS,"Age-Adjusted Rate per 100,000"
Chester,2014,N/A,2014,Total,Total all ages,All Races - Ethnicities,Hospitalization - Chronic Illness,Diabetes,Admissions/Observations,Age-Adjusted Rate,1355.79092796,NS,NS,NS,NS,N/A,NS,"Age-Adjusted Rate per 100,000"
Chesterfield,2014,N/A,2014,Total,Total all ages,All Races - Ethnicities,Hospitalization - Chronic Illness,Diabetes,Admissions/Observations,Age-Adjusted Rate,1219.81373306,0,0,0,0,N/A,Unstable,"Age-Adjusted Rate per 100,000"
Chicopee,2014,N/A,2014,Total,Total all ages,All Races - Ethnicities,Hospitalization - Chronic Illness,Diabetes,Admissions/Observations,Age-Adjusted Rate,56565.38464171,150,233.2,195.9,270.5,N/A,Stable,"Age-Adjusted Rate per 100,000"
Chilmark,2014,N/A,2014,Total,Total all ages,All Races - Ethnicities,Hospitalization - Chronic Illness,Diabetes,Admissions/Observations,Age-Adjusted Rate,838.73696193,0,0,0,0,N/A,Unstable,"Age-Adjusted Rate per 100,000"
Clarksburg,2014,N/A,2014,Total,Total all ages,All Races - Ethnicities,Hospitalization - Chronic Illness,Diabetes,Admissions/Observations,Age-Adjusted Rate,1690.85704663,NS,NS,NS,NS,N/A,NS,"Age-Adjusted Rate per 100,000"
Clinton,2014,N/A,2014,Total,Total all ages,All Races - Ethnicities,Hospitalization - Chronic Illness,Diabetes,Admissions/Observations,Age-Adjusted Rate,13851.23091854,35,291,194.6,387.4,N/A,Stable,"Age-Adjusted Rate per 100,000"
Cohasset,2014,N/A,2014,Total,Total all ages,All Races - Ethnicities,Hospitalization - Chronic Illness,Diabetes,Admissions/Observations,Age-Adjusted Rate,7527.99496771,NS,NS,NS,NS,N/A,NS,"Age-Adjusted Rate per 100,000"
Colrain,2014,N/A,2014,Total,Total all ages,All Races - Ethnicities,Hospitalization - Chronic Illness,Diabetes,Admissions/Observations,Age-Adjusted Rate,1643.16523998,NS,NS,NS,NS,N/A,NS,"Age-Adjusted Rate per 100,000"
Concord,2014,N/A,2014,Total,Total all ages,All Races - Ethnicities,Hospitalization - Chronic Illness,Diabetes,Admissions/Observations,Age-Adjusted Rate,18391.23562729,NS,NS,NS,NS,N/A,NS,"Age-Adjusted Rate per 100,000"
Conway,2014,N/A,2014,Total,Total all ages,All Races - Ethnicities,Hospitalization - Chronic Illness,Diabetes,Admissions/Observations,Age-Adjusted Rate,1910.7714535,0,0,0,0,N/A,Unstable,"Age-Adjusted Rate per 100,000"
Cummington,2014,N/A,2014,Total,Total all ages,All Races - Ethnicities,Hospitalization - Chronic Illness,Diabetes,Admissions/Observations,Age-Adjusted Rate,830.97124738,NS,NS,NS,NS,N/A,NS,"Age-Adjusted Rate per 100,000"
Dalton,2014,N/A,2014,Total,Total all ages,All Races - Ethnicities,Hospitalization - Chronic Illness,Diabetes,Admissions/Observations,Age-Adjusted Rate,6630.90445974,NS,NS,NS,NS,N/A,NS,"Age-Adjusted Rate per 100,000"
Danvers,2014,N/A,2014,Total,Total all ages,All Races - Ethnicities,Hospitalization - Chronic Illness,Diabetes,Admissions/Observations,Age-Adjusted Rate,27765.82033138,54,149,109.3,188.7,N/A,Stable,"Age-Adjusted Rate per 100,000"
Dartmouth,2014,N/A,2014,Total,Total all ages,All Races - Ethnicities,Hospitalization - Chronic Illness,Diabetes,Admissions/Observations,Age-Adjusted Rate,35572.00850114,57,172.8,127.9,217.7,N/A,Stable,"Age-Adjusted Rate per 100,000"
Dedham,2014,N/A,2014,Total,Total all ages,All Races - Ethnicities,Hospitalization - Chronic Illness,Diabetes,Admissions/Observations,Age-Adjusted Rate,26053.16690779,47,143.9,102.8,185,N/A,Stable,"Age-Adjusted Rate per 100,000"
Deerfield,2014,N/A,2014,Total,Total all ages,All Races - Ethnicities,Hospitalization - Chronic Illness,Diabetes,Admissions/Observations,Age-Adjusted Rate,5222.03723336,NS,NS,NS,NS,N/A,NS,"Age-Adjusted Rate per 100,000"
Dennis,2014,N/A,2014,Total,Total all ages,All Races - Ethnicities,Hospitalization - Chronic Illness,Diabetes,Admissions/Observations,Age-Adjusted Rate,13715.98282255,21,135.6,77.6,193.6,N/A,Stable,"Age-Adjusted Rate per 100,000"
Dighton,2014,N/A,2014,Total,Total all ages,All Races - Ethnicities,Hospitalization - Chronic Illness,Diabetes,Admissions/Observations,Age-Adjusted Rate,7472.47955251,11,146.7,60,233.4,N/A,Unstable,"Age-Adjusted Rate per 100,000"
Douglas,2014,N/A,2014,Total,Total all ages,All Races - Ethnicities,Hospitalization - Chronic Illness,Diabetes,Admissions/Observations,Age-Adjusted Rate,8956.05411417,NS,NS,NS,NS,N/A,NS,"Age-Adjusted Rate per 100,000"
Dover,2014,N/A,2014,Total,Total all ages,All Races - Ethnicities,Hospitalization - Chronic Illness,Diabetes,Admissions/Observations,Age-Adjusted Rate,5452.29217914,NS,NS,NS,NS,N/A,NS,"Age-Adjusted Rate per 100,000"
Dracut,2014,N/A,2014,Total,Total all ages,All Races - Ethnicities,Hospitalization - Chronic Illness,Diabetes,Admissions/Observations,Age-Adjusted Rate,31132.88768163,45,132.5,93.8,171.2,N/A,Stable,"Age-Adjusted Rate per 100,000"
Dudley,2014,N/A,2014,Total,Total all ages,All Races - Ethnicities,Hospitalization - Chronic Illness,Diabetes,Admissions/Observations,Age-Adjusted Rate,11927.2434608,16,121.7,62.1,181.3,N/A,Stable,"Age-Adjusted Rate per 100,000"
Dunstable,2014,N/A,2014,Total,Total all ages,All Races - Ethnicities,Hospitalization - Chronic Illness,Diabetes,Admissions/Observations,Age-Adjusted Rate,3286.20198817,NS,NS,NS,NS,N/A,NS,"Age-Adjusted Rate per 100,000"
Duxbury,2014,N/A,2014,Total,Total all ages,All Races - Ethnicities,Hospitalization - Chronic Illness,Diabetes,Admissions/Observations,Age-Adjusted Rate,15167.23766482,12,69.2,30,108.4,N/A,Stable,"Age-Adjusted Rate per 100,000"
East Bridgewater,2014,N/A,2014,Total,Total all ages,All Races - Ethnicities,Hospitalization - Chronic Illness,Diabetes,Admissions/Observations,Age-Adjusted Rate,14304.09218937,22,136.5,79.5,193.5,N/A,Stable,"Age-Adjusted Rate per 100,000"
East Brookfield,2014,N/A,2014,Total,Total all ages,All Races - Ethnicities,Hospitalization - Chronic Illness,Diabetes,Admissions/Observations,Age-Adjusted Rate,2217.73055504,14,450.3,214.4,686.2,N/A,Stable,"Age-Adjusted Rate per 100,000"
East Longmeadow,2014,N/A,2014,Total,Total all ages,All Races - Ethnicities,Hospitalization - Chronic Illness,Diabetes,Admissions/Observations,Age-Adjusted Rate,16433.46836244,17,81.4,42.7,120.1,N/A,Stable,"Age-Adjusted Rate per 100,000"
Eastham,2014,N/A,2014,Total,Total all ages,All Races - Ethnicities,Hospitalization - Chronic Illness,Diabetes,Admissions/Observations,Age-Adjusted Rate,4791.80898099,NS,NS,NS,NS,N/A,NS,"Age-Adjusted Rate per 100,000"
Easthampton,2014,N/A,2014,Total,Total all ages,All Races - Ethnicities,Hospitalization - Chronic Illness,Diabetes,Admissions/Observations,Age-Adjusted Rate,16069.6814132,35,188,125.7,250.3,N/A,Stable,"Age-Adjusted Rate per 100,000"
Easton,2014,N/A,2014,Total,Total all ages,All Races - Ethnicities,Hospitalization - Chronic Illness,Diabetes,Admissions/Observations,Age-Adjusted Rate,23441.93114053,36,194.9,131.2,258.6,N/A,Stable,"Age-Adjusted Rate per 100,000"
Edgartown,2014,N/A,2014,Total,Total all ages,All Races - Ethnicities,Hospitalization - Chronic Illness,Diabetes,Admissions/Observations,Age-Adjusted Rate,4157.54160952,11,211.5,86.5,336.5,N/A,Unstable,"Age-Adjusted Rate per 100,000"
Egremont,2014,N/A,2014,Total,Total all ages,All Races - Ethnicities,Hospitalization - Chronic Illness,Diabetes,Admissions/Observations,Age-Adjusted Rate,1158.03029679,0,0,0,0,N/A,Unstable,"Age-Adjusted Rate per 100,000"
Erving,2014,N/A,2014,Total,Total all ages,All Races - Ethnicities,Hospitalization - Chronic Illness,Diabetes,Admissions/Observations,Age-Adjusted Rate,1948.53415173,NS,NS,NS,NS,N/A,NS,"Age-Adjusted Rate per 100,000"
Essex,2014,N/A,2014,Total,Total all ages,All Races - Ethnicities,Hospitalization - Chronic Illness,Diabetes,Admissions/Observations,Age-Adjusted Rate,3641.50941707,NS,NS,NS,NS,N/A,NS,"Age-Adjusted Rate per 100,000"
Everett,2014,N/A,2014,Total,Total all ages,All Races - Ethnicities,Hospitalization - Chronic Illness,Diabetes,Admissions/Observations,Age-Adjusted Rate,45626.9269013,73,161.3,124.3,198.3,N/A,Stable,"Age-Adjusted Rate per 100,000"
Fairhaven,2014,N/A,2014,Total,Total all ages,All Races - Ethnicities,Hospitalization - Chronic Illness,Diabetes,Admissions/Observations,Age-Adjusted Rate,15994.54051051,18,89.8,48.3,131.3,N/A,Stable,"Age-Adjusted Rate per 100,000"
Fall River,2014,N/A,2014,Total,Total all ages,All Races - Ethnicities,Hospitalization - Chronic Illness,Diabetes,Admissions/Observations,Age-Adjusted Rate,88970.55420582,248,258.6,226.4,290.8,N/A,Stable,"Age-Adjusted Rate per 100,000"
Falmouth,2014,N/A,2014,Total,Total all ages,All Races - Ethnicities,Hospitalization - Chronic Illness,Diabetes,Admissions/Observations,Age-Adjusted Rate,31361.8703813,50,120.7,87.2,154.2,N/A,Stable,"Age-Adjusted Rate per 100,000"
Fitchburg,2014,N/A,2014,Total,Total all ages,All Races - Ethnicities,Hospitalization - Chronic Illness,Diabetes,Admissions/Observations,Age-Adjusted Rate,41190.29012408,97,235.7,188.8,282.6,N/A,Stable,"Age-Adjusted Rate per 100,000"
Florida,2014,N/A,2014,Total,Total all ages,All Races - Ethnicities,Hospitalization - Chronic Illness,Diabetes,Admissions/Observations,Age-Adjusted Rate,770.98792952,NS,NS,NS,NS,N/A,NS,"Age-Adjusted Rate per 100,000"
Foxborough,2014,N/A,2014,Total,Total all ages,All Races - Ethnicities,Hospitalization - Chronic Illness,Diabetes,Admissions/Observations,Age-Adjusted Rate,17621.95706928,12,53.2,23.1,83.3,N/A,Stable,"Age-Adjusted Rate per 100,000"
Framingham,2014,N/A,2014,Total,Total all ages,All Races - Ethnicities,Hospitalization - Chronic Illness,Diabetes,Admissions/Observations,Age-Adjusted Rate,71987.31000297,89,110.8,87.8,133.8,N/A,Stable,"Age-Adjusted Rate per 100,000"
Franklin,2014,N/A,2014,Total,Total all ages,All Races - Ethnicities,Hospitalization - Chronic Illness,Diabetes,Admissions/Observations,Age-Adjusted Rate,32966.77150914,31,94.9,61.5,128.3,N/A,Stable,"Age-Adjusted Rate per 100,000"
Freetown,2014,N/A,2014,Total,Total all ages,All Races - Ethnicities,Hospitalization - Chronic Illness,Diabetes,Admissions/Observations,Age-Adjusted Rate,8989.57601663,14,162.4,77.3,247.5,N/A,Stable,"Age-Adjusted Rate per 100,000"
Gardner,2014,N/A,2014,Total,Total all ages,All Races - Ethnicities,Hospitalization - Chronic Illness,Diabetes,Admissions/Observations,Age-Adjusted Rate,20144.61260606,45,173.5,122.8,224.2,N/A,Stable,"Age-Adjusted Rate per 100,000"
Georgetown,2014,N/A,2014,Total,Total all ages,All Races - Ethnicities,Hospitalization - Chronic Illness,Diabetes,Admissions/Observations,Age-Adjusted Rate,8615.01400062,NS,NS,NS,NS,N/A,NS,"Age-Adjusted Rate per 100,000"
Gill,2014,N/A,2014,Total,Total all ages,All Races - Ethnicities,Hospitalization - Chronic Illness,Diabetes,Admissions/Observations,Age-Adjusted Rate,1584.25587268,0,0,0,0,N/A,Unstable,"Age-Adjusted Rate per 100,000"
Gloucester,2014,N/A,2014,Total,Total all ages,All Races - Ethnicities,Hospitalization - Chronic Illness,Diabetes,Admissions/Observations,Age-Adjusted Rate,29010.43358216,81,235.2,184,286.4,N/A,Stable,"Age-Adjusted Rate per 100,000"
Goshen,2014,N/A,2014,Total,Total all ages,All Races - Ethnicities,Hospitalization - Chronic Illness,Diabetes,Admissions/Observations,Age-Adjusted Rate,1097.01295277,NS,NS,NS,NS,N/A,NS,"Age-Adjusted Rate per 100,000"
Gosnold,2014,N/A,2014,Total,Total all ages,All Races - Ethnicities,Hospitalization - Chronic Illness,Diabetes,Admissions/Observations,Age-Adjusted Rate,60.40080462,0,0,0,0,N/A,Unstable,"Age-Adjusted Rate per 100,000"
Grafton,2014,N/A,2014,Total,Total all ages,All Races - Ethnicities,Hospitalization - Chronic Illness,Diabetes,Admissions/Observations,Age-Adjusted Rate,18869.47311752,11,53.5,21.9,85.1,N/A,Unstable,"Age-Adjusted Rate per 100,000"
Granby,2014,N/A,2014,Total,Total all ages,All Races - Ethnicities,Hospitalization - Chronic Illness,Diabetes,Admissions/Observations,Age-Adjusted Rate,6169.0693396,NS,NS,NS,NS,N/A,NS,"Age-Adjusted Rate per 100,000"
Granville,2014,N/A,2014,Total,Total all ages,All Races - Ethnicities,Hospitalization - Chronic Illness,Diabetes,Admissions/Observations,Age-Adjusted Rate,1571.66417716,NS,NS,NS,NS,N/A,NS,"Age-Adjusted Rate per 100,000"
Great Barrington,2014,N/A,2014,Total,Total all ages,All Races - Ethnicities,Hospitalization - Chronic Illness,Diabetes,Admissions/Observations,Age-Adjusted Rate,6951.94908852,NS,NS,NS,NS,N/A,NS,"Age-Adjusted Rate per 100,000"
Greenfield,2014,N/A,2014,Total,Total all ages,All Races - Ethnicities,Hospitalization - Chronic Illness,Diabetes,Admissions/Observations,Age-Adjusted Rate,17409.34461119,51,266.9,193.6,340.2,N/A,Stable,"Age-Adjusted Rate per 100,000"
Groton,2014,N/A,2014,Total,Total all ages,All Races - Ethnicities,Hospitalization - Chronic Illness,Diabetes,Admissions/Observations,Age-Adjusted Rate,11263.97047001,13,117.2,53.5,180.9,N/A,Stable,"Age-Adjusted Rate per 100,000"
Groveland,2014,N/A,2014,Total,Total all ages,All Races - Ethnicities,Hospitalization - Chronic Illness,Diabetes,Admissions/Observations,Age-Adjusted Rate,6699.94693055,NS,NS,NS,NS,N/A,NS,"Age-Adjusted Rate per 100,000"
Hadley,2014,N/A,2014,Total,Total all ages,All Races - Ethnicities,Hospitalization - Chronic Illness,Diabetes,Admissions/Observations,Age-Adjusted Rate,5493.15691216,NS,NS,NS,NS,N/A,NS,"Age-Adjusted Rate per 100,000"
Halifax,2014,N/A,2014,Total,Total all ages,All Races - Ethnicities,Hospitalization - Chronic Illness,Diabetes,Admissions/Observations,Age-Adjusted Rate,7605.08492032,NS,NS,NS,NS,N/A,NS,"Age-Adjusted Rate per 100,000"
Hamilton,2014,N/A,2014,Total,Total all ages,All Races - Ethnicities,Hospitalization - Chronic Illness,Diabetes,Admissions/Observations,Age-Adjusted Rate,7707.31912872,NS,NS,NS,NS,N/A,NS,"Age-Adjusted Rate per 100,000"
Hampden,2014,N/A,2014,Total,Total all ages,All Races - Ethnicities,Hospitalization - Chronic Illness,Diabetes,Admissions/Observations,Age-Adjusted Rate,5085.51707969,NS,NS,NS,NS,N/A,NS,"Age-Adjusted Rate per 100,000"
Hancock,2014,N/A,2014,Total,Total all ages,All Races - Ethnicities,Hospitalization - Chronic Illness,Diabetes,Admissions/Observations,Age-Adjusted Rate,683.2505947,0,0,0,0,N/A,Unstable,"Age-Adjusted Rate per 100,000"
Hanover,2014,N/A,2014,Total,Total all ages,All Races - Ethnicities,Hospitalization - Chronic Illness,Diabetes,Admissions/Observations,Age-Adjusted Rate,14141.72861565,14,77.5,36.9,118.1,N/A,Stable,"Age-Adjusted Rate per 100,000"
Hanson,2014,N/A,2014,Total,Total all ages,All Races - Ethnicities,Hospitalization - Chronic Illness,Diabetes,Admissions/Observations,Age-Adjusted Rate,10483.02685389,14,149.1,71,227.2,N/A,Stable,"Age-Adjusted Rate per 100,000"
Hardwick,2014,N/A,2014,Total,Total all ages,All Races - Ethnicities,Hospitalization - Chronic Illness,Diabetes,Admissions/Observations,Age-Adjusted Rate,3161.78253713,NS,NS,NS,NS,N/A,NS,"Age-Adjusted Rate per 100,000"
Harvard,2014,N/A,2014,Total,Total all ages,All Races - Ethnicities,Hospitalization - Chronic Illness,Diabetes,Admissions/Observations,Age-Adjusted Rate,6758.372217,NS,NS,NS,NS,N/A,NS,"Age-Adjusted Rate per 100,000"
Harwich,2014,N/A,2014,Total,Total all ages,All Races - Ethnicities,Hospitalization - Chronic Illness,Diabetes,Admissions/Observations,Age-Adjusted Rate,12363.13945173,14,81.3,38.7,123.9,N/A,Stable,"Age-Adjusted Rate per 100,000"
Hatfield,2014,N/A,2014,Total,Total all ages,All Races - Ethnicities,Hospitalization - Chronic Illness,Diabetes,Admissions/Observations,Age-Adjusted Rate,3253.16571621,NS,NS,NS,NS,N/A,NS,"Age-Adjusted Rate per 100,000"
Haverhill,2014,N/A,2014,Total,Total all ages,All Races - Ethnicities,Hospitalization - Chronic Illness,Diabetes,Admissions/Observations,Age-Adjusted Rate,63645.67633381,119,165.6,135.8,195.4,N/A,Stable,"Age-Adjusted Rate per 100,000"
Hawley,2014,N/A,2014,Total,Total all ages,All Races - Ethnicities,Hospitalization - Chronic Illness,Diabetes,Admissions/Observations,Age-Adjusted Rate,310.76457417,0,0,0,0,N/A,Unstable,"Age-Adjusted Rate per 100,000"
Heath,2014,N/A,2014,Total,Total all ages,All Races - Ethnicities,Hospitalization - Chronic Illness,Diabetes,Admissions/Observations,Age-Adjusted Rate,655.60194277,0,0,0,0,N/A,Unstable,"Age-Adjusted Rate per 100,000"
Hingham,2014,N/A,2014,Total,Total all ages,All Races - Ethnicities,Hospitalization - Chronic Illness,Diabetes,Admissions/Observations,Age-Adjusted Rate,22961.76479298,27,79.1,49.3,108.9,N/A,Stable,"Age-Adjusted Rate per 100,000"
Hinsdale,2014,N/A,2014,Total,Total all ages,All Races - Ethnicities,Hospitalization - Chronic Illness,Diabetes,Admissions/Observations,Age-Adjusted Rate,2078.82308605,NS,NS,NS,NS,N/A,NS,"Age-Adjusted Rate per 100,000"
Holbrook,2014,N/A,2014,Total,Total all ages,All Races - Ethnicities,Hospitalization - Chronic Illness,Diabetes,Admissions/Observations,Age-Adjusted Rate,11095.0118116,21,164.6,94.2,235,N/A,Stable,"Age-Adjusted Rate per 100,000"
Holden,2014,N/A,2014,Total,Total all ages,All Races - Ethnicities,Hospitalization - Chronic Illness,Diabetes,Admissions/Observations,Age-Adjusted Rate,18146.8162015,14,68.1,32.4,103.8,N/A,Stable,"Age-Adjusted Rate per 100,000"
Holland,2014,N/A,2014,Total,Total all ages,All Races - Ethnicities,Hospitalization - Chronic Illness,Diabetes,Admissions/Observations,Age-Adjusted Rate,2541.33217868,NS,NS,NS,NS,N/A,NS,"Age-Adjusted Rate per 100,000"
Holliston,2014,N/A,2014,Total,Total all ages,All Races - Ethnicities,Hospitalization - Chronic Illness,Diabetes,Admissions/Observations,Age-Adjusted Rate,13810.97558328,20,148.9,83.6,214.2,N/A,Stable,"Age-Adjusted Rate per 100,000"
Holyoke,2014,N/A,2014,Total,Total all ages,All Races - Ethnicities,Hospitalization - Chronic Illness,Diabetes,Admissions/Observations,Age-Adjusted Rate,40636.21445083,112,253,206.1,299.9,N/A,Stable,"Age-Adjusted Rate per 100,000"
Hopedale,2014,N/A,2014,Total,Total all ages,All Races - Ethnicities,Hospitalization - Chronic Illness,Diabetes,Admissions/Observations,Age-Adjusted Rate,5806.86466056,NS,NS,NS,NS,N/A,NS,"Age-Adjusted Rate per 100,000"
Hopkinton,2014,N/A,2014,Total,Total all ages,All Races - Ethnicities,Hospitalization - Chronic Illness,Diabetes,Admissions/Observations,Age-Adjusted Rate,15749.94764348,NS,NS,NS,NS,N/A,NS,"Age-Adjusted Rate per 100,000"
Hubbardston,2014,N/A,2014,Total,Total all ages,All Races - Ethnicities,Hospitalization - Chronic Illness,Diabetes,Admissions/Observations,Age-Adjusted Rate,4539.43073806,NS,NS,NS,NS,N/A,NS,"Age-Adjusted Rate per 100,000"
Hudson,2014,N/A,2014,Total,Total all ages,All Races - Ethnicities,Hospitalization - Chronic Illness,Diabetes,Admissions/Observations,Age-Adjusted Rate,20148.71975288,27,121.2,75.5,166.9,N/A,Stable,"Age-Adjusted Rate per 100,000"
Hull,2014,N/A,2014,Total,Total all ages,All Races - Ethnicities,Hospitalization - Chronic Illness,Diabetes,Admissions/Observations,Age-Adjusted Rate,10154.27220377,18,109.7,59,160.4,N/A,Stable,"Age-Adjusted Rate per 100,000"
Huntington,2014,N/A,2014,Total,Total all ages,All Races - Ethnicities,Hospitalization - Chronic Illness,Diabetes,Admissions/Observations,Age-Adjusted Rate,2190.83413102,NS,NS,NS,NS,N/A,NS,"Age-Adjusted Rate per 100,000"
Ipswich,2014,N/A,2014,Total,Total all ages,All Races - Ethnicities,Hospitalization - Chronic Illness,Diabetes,Admissions/Observations,Age-Adjusted Rate,13433.53448576,14,73.6,35,112.2,N/A,Stable,"Age-Adjusted Rate per 100,000"
Kingston,2014,N/A,2014,Total,Total all ages,All Races - Ethnicities,Hospitalization - Chronic Illness,Diabetes,Admissions/Observations,Age-Adjusted Rate,13128.12127666,18,155.4,83.6,227.2,N/A,Stable,"Age-Adjusted Rate per 100,000"
Lakeville,2014,N/A,2014,Total,Total all ages,All Races - Ethnicities,Hospitalization - Chronic Illness,Diabetes,Admissions/Observations,Age-Adjusted Rate,10986.89209584,15,124.2,61.3,187.1,N/A,Stable,"Age-Adjusted Rate per 100,000"
Lancaster,2014,N/A,2014,Total,Total all ages,All Races - Ethnicities,Hospitalization - Chronic Illness,Diabetes,Admissions/Observations,Age-Adjusted Rate,8329.56534091,NS,NS,NS,NS,N/A,NS,"Age-Adjusted Rate per 100,000"
Lanesborough,2014,N/A,2014,Total,Total all ages,All Races - Ethnicities,Hospitalization - Chronic Illness,Diabetes,Admissions/Observations,Age-Adjusted Rate,3065.77702463,NS,NS,NS,NS,N/A,NS,"Age-Adjusted Rate per 100,000"
Lawrence,2014,N/A,2014,Total,Total all ages,All Races - Ethnicities,Hospitalization - Chronic Illness,Diabetes,Admissions/Observations,Age-Adjusted Rate,81798.32804817,167,220.9,187.4,254.4,N/A,Stable,"Age-Adjusted Rate per 100,000"
Lee,2014,N/A,2014,Total,Total all ages,All Races - Ethnicities,Hospitalization - Chronic Illness,Diabetes,Admissions/Observations,Age-Adjusted Rate,5907.26304483,NS,NS,NS,NS,N/A,NS,"Age-Adjusted Rate per 100,000"
Leicester,2014,N/A,2014,Total,Total all ages,All Races - Ethnicities,Hospitalization - Chronic Illness,Diabetes,Admissions/Observations,Age-Adjusted Rate,11146.89489902,15,112.3,55.5,169.1,N/A,Stable,"Age-Adjusted Rate per 100,000"
Lenox,2014,N/A,2014,Total,Total all ages,All Races - Ethnicities,Hospitalization - Chronic Illness,Diabetes,Admissions/Observations,Age-Adjusted Rate,4956.31098833,NS,NS,NS,NS,N/A,NS,"Age-Adjusted Rate per 100,000"
Leominster,2014,N/A,2014,Total,Total all ages,All Races - Ethnicities,Hospitalization - Chronic Illness,Diabetes,Admissions/Observations,Age-Adjusted Rate,40622.14745625,64,148,111.7,184.3,N/A,Stable,"Age-Adjusted Rate per 100,000"
Leverett,2014,N/A,2014,Total,Total all ages,All Races - Ethnicities,Hospitalization - Chronic Illness,Diabetes,Admissions/Observations,Age-Adjusted Rate,1948.5841478,0,0,0,0,N/A,Unstable,"Age-Adjusted Rate per 100,000"
Lexington,2014,N/A,2014,Total,Total all ages,All Races - Ethnicities,Hospitalization - Chronic Illness,Diabetes,Admissions/Observations,Age-Adjusted Rate,32980.49376943,25,60.2,36.6,83.8,N/A,Stable,"Age-Adjusted Rate per 100,000"
Leyden,2014,N/A,2014,Total,Total all ages,All Races - Ethnicities,Hospitalization - Chronic Illness,Diabetes,Admissions/Observations,Age-Adjusted Rate,675.03399981,0,0,0,0,N/A,Unstable,"Age-Adjusted Rate per 100,000"
Lincoln,2014,N/A,2014,Total,Total all ages,All Races - Ethnicities,Hospitalization - Chronic Illness,Diabetes,Admissions/Observations,Age-Adjusted Rate,8398.78658736,NS,NS,NS,NS,N/A,NS,"Age-Adjusted Rate per 100,000"
Littleton,2014,N/A,2014,Total,Total all ages,All Races - Ethnicities,Hospitalization - Chronic Illness,Diabetes,Admissions/Observations,Age-Adjusted Rate,9403.17426571,NS,NS,NS,NS,N/A,NS,"Age-Adjusted Rate per 100,000"
Longmeadow,2014,N/A,2014,Total,Total all ages,All Races - Ethnicities,Hospitalization - Chronic Illness,Diabetes,Admissions/Observations,Age-Adjusted Rate,15754.19119208,14,74.5,35.5,113.5,N/A,Stable,"Age-Adjusted Rate per 100,000"
Lowell,2014,N/A,2014,Total,Total all ages,All Races - Ethnicities,Hospitalization - Chronic Illness,Diabetes,Admissions/Observations,Age-Adjusted Rate,112760.99807946,272,249.2,219.6,278.8,N/A,Stable,"Age-Adjusted Rate per 100,000"
Ludlow,2014,N/A,2014,Total,Total all ages,All Races - Ethnicities,Hospitalization - Chronic Illness,Diabetes,Admissions/Observations,Age-Adjusted Rate,21148.00745391,34,137.3,91.1,183.5,N/A,Stable,"Age-Adjusted Rate per 100,000"
Lunenburg,2014,N/A,2014,Total,Total all ages,All Races - Ethnicities,Hospitalization - Chronic Illness,Diabetes,Admissions/Observations,Age-Adjusted Rate,10280.01092343,NS,NS,NS,NS,N/A,NS,"Age-Adjusted Rate per 100,000"
Lynn,2014,N/A,2014,Total,Total all ages,All Races - Ethnicities,Hospitalization - Chronic Illness,Diabetes,Admissions/Observations,Age-Adjusted Rate,95894.5725711,205,215.4,185.9,244.9,N/A,Stable,"Age-Adjusted Rate per 100,000"
Lynnfield,2014,N/A,2014,Total,Total all ages,All Races - Ethnicities,Hospitalization - Chronic Illness,Diabetes,Admissions/Observations,Age-Adjusted Rate,11726.86833525,NS,NS,NS,NS,N/A,NS,"Age-Adjusted Rate per 100,000"
Malden,2014,N/A,2014,Total,Total all ages,All Races - Ethnicities,Hospitalization - Chronic Illness,Diabetes,Admissions/Observations,Age-Adjusted Rate,64072.37150517,126,187.8,155,220.6,N/A,Stable,"Age-Adjusted Rate per 100,000"
Manchester,2014,N/A,2014,Total,Total all ages,All Races - Ethnicities,Hospitalization - Chronic Illness,Diabetes,Admissions/Observations,Age-Adjusted Rate,5086.48423111,NS,NS,NS,NS,N/A,NS,"Age-Adjusted Rate per 100,000"
Mansfield,2014,N/A,2014,Total,Total all ages,All Races - Ethnicities,Hospitalization - Chronic Illness,Diabetes,Admissions/Observations,Age-Adjusted Rate,23407.00127854,19,84,46.2,121.8,N/A,Stable,"Age-Adjusted Rate per 100,000"
Marblehead,2014,N/A,2014,Total,Total all ages,All Races - Ethnicities,Hospitalization - Chronic Illness,Diabetes,Admissions/Observations,Age-Adjusted Rate,19674.97342073,17,64.1,33.6,94.6,N/A,Stable,"Age-Adjusted Rate per 100,000"
Marion,2014,N/A,2014,Total,Total all ages,All Races - Ethnicities,Hospitalization - Chronic Illness,Diabetes,Admissions/Observations,Age-Adjusted Rate,4792.3871574,NS,NS,NS,NS,N/A,NS,"Age-Adjusted Rate per 100,000"
Marlborough,2014,N/A,2014,Total,Total all ages,All Races - Ethnicities,Hospitalization - Chronic Illness,Diabetes,Admissions/Observations,Age-Adjusted Rate,41351.83570959,54,118.4,86.8,150,N/A,Stable,"Age-Adjusted Rate per 100,000"
Marshfield,2014,N/A,2014,Total,Total all ages,All Races - Ethnicities,Hospitalization - Chronic Illness,Diabetes,Admissions/Observations,Age-Adjusted Rate,25590.20772378,26,76.4,47,105.8,N/A,Stable,"Age-Adjusted Rate per 100,000"
Mashpee,2014,N/A,2014,Total,Total all ages,All Races - Ethnicities,Hospitalization - Chronic Illness,Diabetes,Admissions/Observations,Age-Adjusted Rate,14638.97171957,18,111.9,60.2,163.6,N/A,Stable,"Age-Adjusted Rate per 100,000"
Mattapoisett,2014,N/A,2014,Total,Total all ages,All Races - Ethnicities,Hospitalization - Chronic Illness,Diabetes,Admissions/Observations,Age-Adjusted Rate,5955.59102719,NS,NS,NS,NS,N/A,NS,"Age-Adjusted Rate per 100,000"
Maynard,2014,N/A,2014,Total,Total all ages,All Races - Ethnicities,Hospitalization - Chronic Illness,Diabetes,Admissions/Observations,Age-Adjusted Rate,10366.91329126,NS,NS,NS,NS,N/A,NS,"Age-Adjusted Rate per 100,000"
Medfield,2014,N/A,2014,Total,Total all ages,All Races - Ethnicities,Hospitalization - Chronic Illness,Diabetes,Admissions/Observations,Age-Adjusted Rate,11843.02045195,13,105.7,48.2,163.2,N/A,Stable,"Age-Adjusted Rate per 100,000"
Medford,2014,N/A,2014,Total,Total all ages,All Races - Ethnicities,Hospitalization - Chronic Illness,Diabetes,Admissions/Observations,Age-Adjusted Rate,58929.25343998,98,157.5,126.3,188.7,N/A,Stable,"Age-Adjusted Rate per 100,000"
Medway,2014,N/A,2014,Total,Total all ages,All Races - Ethnicities,Hospitalization - Chronic Illness,Diabetes,Admissions/Observations,Age-Adjusted Rate,13038.65009886,NS,NS,NS,NS,N/A,NS,"Age-Adjusted Rate per 100,000"
Melrose,2014,N/A,2014,Total,Total all ages,All Races - Ethnicities,Hospitalization - Chronic Illness,Diabetes,Admissions/Observations,Age-Adjusted Rate,28165.85306242,44,130.9,92.2,169.6,N/A,Stable,"Age-Adjusted Rate per 100,000"
Mendon,2014,N/A,2014,Total,Total all ages,All Races - Ethnicities,Hospitalization - Chronic Illness,Diabetes,Admissions/Observations,Age-Adjusted Rate,5830.09492518,NS,NS,NS,NS,N/A,NS,"Age-Adjusted Rate per 100,000"
Merrimac,2014,N/A,2014,Total,Total all ages,All Races - Ethnicities,Hospitalization - Chronic Illness,Diabetes,Admissions/Observations,Age-Adjusted Rate,6426.1387653,NS,NS,NS,NS,N/A,NS,"Age-Adjusted Rate per 100,000"
Methuen,2014,N/A,2014,Total,Total all ages,All Races - Ethnicities,Hospitalization - Chronic Illness,Diabetes,Admissions/Observations,Age-Adjusted Rate,50588.16567242,93,165.4,131.8,199,N/A,Stable,"Age-Adjusted Rate per 100,000"
Middleborough,2014,N/A,2014,Total,Total all ages,All Races - Ethnicities,Hospitalization - Chronic Illness,Diabetes,Admissions/Observations,Age-Adjusted Rate,25046.93652566,52,193,140.5,245.5,N/A,Stable,"Age-Adjusted Rate per 100,000"
Middlefield,2014,N/A,2014,Total,Total all ages,All Races - Ethnicities,Hospitalization - Chronic Illness,Diabetes,Admissions/Observations,Age-Adjusted Rate,486.8581672,0,0,0,0,N/A,Unstable,"Age-Adjusted Rate per 100,000"
Middleton,2014,N/A,2014,Total,Total all ages,All Races - Ethnicities,Hospitalization - Chronic Illness,Diabetes,Admissions/Observations,Age-Adjusted Rate,9727.04955325,NS,NS,NS,NS,N/A,NS,"Age-Adjusted Rate per 100,000"
Milford,2014,N/A,2014,Total,Total all ages,All Races - Ethnicities,Hospitalization - Chronic Illness,Diabetes,Admissions/Observations,Age-Adjusted Rate,28647.70584017,52,164.2,119.6,208.8,N/A,Stable,"Age-Adjusted Rate per 100,000"
Millbury,2014,N/A,2014,Total,Total all ages,All Races - Ethnicities,Hospitalization - Chronic Illness,Diabetes,Admissions/Observations,Age-Adjusted Rate,13473.30016092,18,104.1,56,152.2,N/A,Stable,"Age-Adjusted Rate per 100,000"
Millis,2014,N/A,2014,Total,Total all ages,All Races - Ethnicities,Hospitalization - Chronic Illness,Diabetes,Admissions/Observations,Age-Adjusted Rate,7972.53778689,NS,NS,NS,NS,N/A,NS,"Age-Adjusted Rate per 100,000"
Millville,2014,N/A,2014,Total,Total all ages,All Races - Ethnicities,Hospitalization - Chronic Illness,Diabetes,Admissions/Observations,Age-Adjusted Rate,3371.91768273,NS,NS,NS,NS,N/A,NS,"Age-Adjusted Rate per 100,000"
Milton,2014,N/A,2014,Total,Total all ages,All Races - Ethnicities,Hospitalization - Chronic Illness,Diabetes,Admissions/Observations,Age-Adjusted Rate,27931.47736054,29,105.1,66.8,143.4,N/A,Stable,"Age-Adjusted Rate per 100,000"
Monroe,2014,N/A,2014,Total,Total all ages,All Races - Ethnicities,Hospitalization - Chronic Illness,Diabetes,Admissions/Observations,Age-Adjusted Rate,110.79244063,0,0,0,0,N/A,Unstable,"Age-Adjusted Rate per 100,000"
Monson,2014,N/A,2014,Total,Total all ages,All Races - Ethnicities,Hospitalization - Chronic Illness,Diabetes,Admissions/Observations,Age-Adjusted Rate,8564.08118062,19,184.3,101.4,267.2,N/A,Stable,"Age-Adjusted Rate per 100,000"
Montague,2014,N/A,2014,Total,Total all ages,All Races - Ethnicities,Hospitalization - Chronic Illness,Diabetes,Admissions/Observations,Age-Adjusted Rate,8480.35821354,17,143.9,75.5,212.3,N/A,Stable,"Age-Adjusted Rate per 100,000"
Monterey,2014,N/A,2014,Total,Total all ages,All Races - Ethnicities,Hospitalization - Chronic Illness,Diabetes,Admissions/Observations,Age-Adjusted Rate,947.37126595,0,0,0,0,N/A,Unstable,"Age-Adjusted Rate per 100,000"
Montgomery,2014,N/A,2014,Total,Total all ages,All Races - Ethnicities,Hospitalization - Chronic Illness,Diabetes,Admissions/Observations,Age-Adjusted Rate,874.18148885,0,0,0,0,N/A,Unstable,"Age-Adjusted Rate per 100,000"
Mount Washington,2014,N/A,2014,Total,Total all ages,All Races - Ethnicities,Hospitalization - Chronic Illness,Diabetes,Admissions/Observations,Age-Adjusted Rate,150.68721906,0,0,0,0,N/A,Unstable,"Age-Adjusted Rate per 100,000"
Nahant,2014,N/A,2014,Total,Total all ages,All Races - Ethnicities,Hospitalization - Chronic Illness,Diabetes,Admissions/Observations,Age-Adjusted Rate,3378.72081766,NS,NS,NS,NS,N/A,NS,"Age-Adjusted Rate per 100,000"
Nantucket,2014,N/A,2014,Total,Total all ages,All Races - Ethnicities,Hospitalization - Chronic Illness,Diabetes,Admissions/Observations,Age-Adjusted Rate,10779.82014529,13,113.3,51.7,174.9,N/A,Stable,"Age-Adjusted Rate per 100,000"
Natick,2014,N/A,2014,Total,Total all ages,All Races - Ethnicities,Hospitalization - Chronic Illness,Diabetes,Admissions/Observations,Age-Adjusted Rate,34694.7286388,36,98.2,66.1,130.3,N/A,Stable,"Age-Adjusted Rate per 100,000"
Needham,2014,N/A,2014,Total,Total all ages,All Races - Ethnicities,Hospitalization - Chronic Illness,Diabetes,Admissions/Observations,Age-Adjusted Rate,29313.21867465,26,67.7,41.7,93.7,N/A,Stable,"Age-Adjusted Rate per 100,000"
New Ashford,2014,N/A,2014,Total,Total all ages,All Races - Ethnicities,Hospitalization - Chronic Illness,Diabetes,Admissions/Observations,Age-Adjusted Rate,203.39238384,0,0,0,0,N/A,Unstable,"Age-Adjusted Rate per 100,000"
New Bedford,2014,N/A,2014,Total,Total all ages,All Races - Ethnicities,Hospitalization - Chronic Illness,Diabetes,Admissions/Observations,Age-Adjusted Rate,96486.61133212,310,304.4,270.5,338.3,N/A,Stable,"Age-Adjusted Rate per 100,000"
New Braintree,2014,N/A,2014,Total,Total all ages,All Races - Ethnicities,Hospitalization - Chronic Illness,Diabetes,Admissions/Observations,Age-Adjusted Rate,1037.871178,0,0,0,0,N/A,Unstable,"Age-Adjusted Rate per 100,000"
New Marlborough,2014,N/A,2014,Total,Total all ages,All Races - Ethnicities,Hospitalization - Chronic Illness,Diabetes,Admissions/Observations,Age-Adjusted Rate,1518.45481545,0,0,0,0,N/A,Unstable,"Age-Adjusted Rate per 100,000"
New Salem,2014,N/A,2014,Total,Total all ages,All Races - Ethnicities,Hospitalization - Chronic Illness,Diabetes,Admissions/Observations,Age-Adjusted Rate,990.7066442,0,0,0,0,N/A,Unstable,"Age-Adjusted Rate per 100,000"
Newbury,2014,N/A,2014,Total,Total all ages,All Races - Ethnicities,Hospitalization - Chronic Illness,Diabetes,Admissions/Observations,Age-Adjusted Rate,6726.70015515,NS,NS,NS,NS,N/A,NS,"Age-Adjusted Rate per 100,000"
Newburyport,2014,N/A,2014,Total,Total all ages,All Races - Ethnicities,Hospitalization - Chronic Illness,Diabetes,Admissions/Observations,Age-Adjusted Rate,17749.32058589,24,112.4,67.4,157.4,N/A,Stable,"Age-Adjusted Rate per 100,000"
Newton,2014,N/A,2014,Total,Total all ages,All Races - Ethnicities,Hospitalization - Chronic Illness,Diabetes,Admissions/Observations,Age-Adjusted Rate,89168.72565553,71,71.2,54.6,87.8,N/A,Stable,"Age-Adjusted Rate per 100,000"
Norfolk,2014,N/A,2014,Total,Total all ages,All Races - Ethnicities,Hospitalization - Chronic Illness,Diabetes,Admissions/Observations,Age-Adjusted Rate,11854.54742645,11,91.1,37.3,144.9,N/A,Unstable,"Age-Adjusted Rate per 100,000"
North Adams,2014,N/A,2014,Total,Total all ages,All Races - Ethnicities,Hospitalization - Chronic Illness,Diabetes,Admissions/Observations,Age-Adjusted Rate,13402.92213596,40,338,233.3,442.7,N/A,Stable,"Age-Adjusted Rate per 100,000"
North Andover,2014,N/A,2014,Total,Total all ages,All Races - Ethnicities,Hospitalization - Chronic Illness,Diabetes,Admissions/Observations,Age-Adjusted Rate,29512.05104167,16,47,24,70,N/A,Stable,"Age-Adjusted Rate per 100,000"
North Attleborough,2014,N/A,2014,Total,Total all ages,All Races - Ethnicities,Hospitalization - Chronic Illness,Diabetes,Admissions/Observations,Age-Adjusted Rate,29463.78360619,29,90.9,57.8,124,N/A,Stable,"Age-Adjusted Rate per 100,000"
North Brookfield,2014,N/A,2014,Total,Total all ages,All Races - Ethnicities,Hospitalization - Chronic Illness,Diabetes,Admissions/Observations,Age-Adjusted Rate,4679.94032554,NS,NS,NS,NS,N/A,NS,"Age-Adjusted Rate per 100,000"
North Reading,2014,N/A,2014,Total,Total all ages,All Races - Ethnicities,Hospitalization - Chronic Illness,Diabetes,Admissions/Observations,Age-Adjusted Rate,15834.00052412,12,62.9,27.3,98.5,N/A,Stable,"Age-Adjusted Rate per 100,000"
Northampton,2014,N/A,2014,Total,Total all ages,All Races - Ethnicities,Hospitalization - Chronic Illness,Diabetes,Admissions/Observations,Age-Adjusted Rate,28941.38659446,34,104.9,69.6,140.2,N/A,Stable,"Age-Adjusted Rate per 100,000"
Northborough,2014,N/A,2014,Total,Total all ages,All Races - Ethnicities,Hospitalization - Chronic Illness,Diabetes,Admissions/Observations,Age-Adjusted Rate,13942.00711911,NS,NS,NS,NS,N/A,NS,"Age-Adjusted Rate per 100,000"
Northbridge,2014,N/A,2014,Total,Total all ages,All Races - Ethnicities,Hospitalization - Chronic Illness,Diabetes,Admissions/Observations,Age-Adjusted Rate,16865.68374226,42,266,185.6,346.4,N/A,Stable,"Age-Adjusted Rate per 100,000"
Northfield,2014,N/A,2014,Total,Total all ages,All Races - Ethnicities,Hospitalization - Chronic Illness,Diabetes,Admissions/Observations,Age-Adjusted Rate,3000.65757226,NS,NS,NS,NS,N/A,NS,"Age-Adjusted Rate per 100,000"
Norton,2014,N/A,2014,Total,Total all ages,All Races - Ethnicities,Hospitalization - Chronic Illness,Diabetes,Admissions/Observations,Age-Adjusted Rate,19501.41857512,17,79.6,41.8,117.4,N/A,Stable,"Age-Adjusted Rate per 100,000"
Norwell,2014,N/A,2014,Total,Total all ages,All Races - Ethnicities,Hospitalization - Chronic Illness,Diabetes,Admissions/Observations,Age-Adjusted Rate,10636.88306247,16,114.2,58.2,170.2,N/A,Stable,"Age-Adjusted Rate per 100,000"
Norwood,2014,N/A,2014,Total,Total all ages,All Races - Ethnicities,Hospitalization - Chronic Illness,Diabetes,Admissions/Observations,Age-Adjusted Rate,29522.74500397,79,232.1,180.9,283.3,N/A,Stable,"Age-Adjusted Rate per 100,000"
Oak Bluffs,2014,N/A,2014,Total,Total all ages,All Races - Ethnicities,Hospitalization - Chronic Illness,Diabetes,Admissions/Observations,Age-Adjusted Rate,4937.62919945,13,199.4,91,307.8,N/A,Stable,"Age-Adjusted Rate per 100,000"
Oakham,2014,N/A,2014,Total,Total all ages,All Races - Ethnicities,Hospitalization - Chronic Illness,Diabetes,Admissions/Observations,Age-Adjusted Rate,2018.12778036,NS,NS,NS,NS,N/A,NS,"Age-Adjusted Rate per 100,000"
Orange,2014,N/A,2014,Total,Total all ages,All Races - Ethnicities,Hospitalization - Chronic Illness,Diabetes,Admissions/Observations,Age-Adjusted Rate,7966.24870218,20,222.9,125.2,320.6,N/A,Stable,"Age-Adjusted Rate per 100,000"
Orleans,2014,N/A,2014,Total,Total all ages,All Races - Ethnicities,Hospitalization - Chronic Illness,Diabetes,Admissions/Observations,Age-Adjusted Rate,5769.56603055,NS,NS,NS,NS,N/A,NS,"Age-Adjusted Rate per 100,000"
Otis,2014,N/A,2014,Total,Total all ages,All Races - Ethnicities,Hospitalization - Chronic Illness,Diabetes,Admissions/Observations,Age-Adjusted Rate,1737.43629349,NS,NS,NS,NS,N/A,NS,"Age-Adjusted Rate per 100,000"
Oxford,2014,N/A,2014,Total,Total all ages,All Races - Ethnicities,Hospitalization - Chronic Illness,Diabetes,Admissions/Observations,Age-Adjusted Rate,13784.00672309,21,126.3,72.3,180.3,N/A,Stable,"Age-Adjusted Rate per 100,000"
Palmer,2014,N/A,2014,Total,Total all ages,All Races - Ethnicities,Hospitalization - Chronic Illness,Diabetes,Admissions/Observations,Age-Adjusted Rate,12129.16316402,16,129.6,66.1,193.1,N/A,Stable,"Age-Adjusted Rate per 100,000"
Paxton,2014,N/A,2014,Total,Total all ages,All Races - Ethnicities,Hospitalization - Chronic Illness,Diabetes,Admissions/Observations,Age-Adjusted Rate,4897.39846232,NS,NS,NS,NS,N/A,NS,"Age-Adjusted Rate per 100,000"
Peabody,2014,N/A,2014,Total,Total all ages,All Races - Ethnicities,Hospitalization - Chronic Illness,Diabetes,Admissions/Observations,Age-Adjusted Rate,53927.89961048,74,103.1,79.6,126.6,N/A,Stable,"Age-Adjusted Rate per 100,000"
Pelham,2014,N/A,2014,Total,Total all ages,All Races - Ethnicities,Hospitalization - Chronic Illness,Diabetes,Admissions/Observations,Age-Adjusted Rate,1282.28343161,0,0,0,0,N/A,Unstable,"Age-Adjusted Rate per 100,000"
Pembroke,2014,N/A,2014,Total,Total all ages,All Races - Ethnicities,Hospitalization - Chronic Illness,Diabetes,Admissions/Observations,Age-Adjusted Rate,18302.69509422,43,219.3,153.8,284.8,N/A,Stable,"Age-Adjusted Rate per 100,000"
Pepperell,2014,N/A,2014,Total,Total all ages,All Races - Ethnicities,Hospitalization - Chronic Illness,Diabetes,Admissions/Observations,Age-Adjusted Rate,12010.45321953,NS,NS,NS,NS,N/A,NS,"Age-Adjusted Rate per 100,000"
Peru,2014,N/A,2014,Total,Total all ages,All Races - Ethnicities,Hospitalization - Chronic Illness,Diabetes,Admissions/Observations,Age-Adjusted Rate,846.95489944,NS,NS,NS,NS,N/A,NS,"Age-Adjusted Rate per 100,000"
Petersham,2014,N/A,2014,Total,Total all ages,All Races - Ethnicities,Hospitalization - Chronic Illness,Diabetes,Admissions/Observations,Age-Adjusted Rate,1255.94199853,NS,NS,NS,NS,N/A,NS,"Age-Adjusted Rate per 100,000"
Phillipston,2014,N/A,2014,Total,Total all ages,All Races - Ethnicities,Hospitalization - Chronic Illness,Diabetes,Admissions/Observations,Age-Adjusted Rate,1703.70993133,NS,NS,NS,NS,N/A,NS,"Age-Adjusted Rate per 100,000"
Pittsfield,2014,N/A,2014,Total,Total all ages,All Races - Ethnicities,Hospitalization - Chronic Illness,Diabetes,Admissions/Observations,Age-Adjusted Rate,44296.65320301,115,218,178.2,257.8,N/A,Stable,"Age-Adjusted Rate per 100,000"
Plainfield,2014,N/A,2014,Total,Total all ages,All Races - Ethnicities,Hospitalization - Chronic Illness,Diabetes,Admissions/Observations,Age-Adjusted Rate,637.39104306,0,0,0,0,N/A,Unstable,"Age-Adjusted Rate per 100,000"
Plainville,2014,N/A,2014,Total,Total all ages,All Races - Ethnicities,Hospitalization - Chronic Illness,Diabetes,Admissions/Observations,Age-Adjusted Rate,8741.39325593,NS,NS,NS,NS,N/A,NS,"Age-Adjusted Rate per 100,000"
Plymouth,2014,N/A,2014,Total,Total all ages,All Races - Ethnicities,Hospitalization - Chronic Illness,Diabetes,Admissions/Observations,Age-Adjusted Rate,59337.54585273,86,123.1,97.1,149.1,N/A,Stable,"Age-Adjusted Rate per 100,000"
Plympton,2014,N/A,2014,Total,Total all ages,All Races - Ethnicities,Hospitalization - Chronic Illness,Diabetes,Admissions/Observations,Age-Adjusted Rate,2921.00210084,NS,NS,NS,NS,N/A,NS,"Age-Adjusted Rate per 100,000"
Princeton,2014,N/A,2014,Total,Total all ages,All Races - Ethnicities,Hospitalization - Chronic Illness,Diabetes,Admissions/Observations,Age-Adjusted Rate,3363.3456969,NS,NS,NS,NS,N/A,NS,"Age-Adjusted Rate per 100,000"
Provincetown,2014,N/A,2014,Total,Total all ages,All Races - Ethnicities,Hospitalization - Chronic Illness,Diabetes,Admissions/Observations,Age-Adjusted Rate,2780.51772324,NS,NS,NS,NS,N/A,NS,"Age-Adjusted Rate per 100,000"
Quincy,2014,N/A,2014,Total,Total all ages,All Races - Ethnicities,Hospitalization - Chronic Illness,Diabetes,Admissions/Observations,Age-Adjusted Rate,96896.50016566,158,142.6,120.4,164.8,N/A,Stable,"Age-Adjusted Rate per 100,000"
Randolph,2014,N/A,2014,Total,Total all ages,All Races - Ethnicities,Hospitalization - Chronic Illness,Diabetes,Admissions/Observations,Age-Adjusted Rate,33106.86057375,56,151.6,111.9,191.3,N/A,Stable,"Age-Adjusted Rate per 100,000"
Raynham,2014,N/A,2014,Total,Total all ages,All Races - Ethnicities,Hospitalization - Chronic Illness,Diabetes,Admissions/Observations,Age-Adjusted Rate,14166.83871402,26,163,100.3,225.7,N/A,Stable,"Age-Adjusted Rate per 100,000"
Reading,2014,N/A,2014,Total,Total all ages,All Races - Ethnicities,Hospitalization - Chronic Illness,Diabetes,Admissions/Observations,Age-Adjusted Rate,26304.93030217,22,61.7,35.9,87.5,N/A,Stable,"Age-Adjusted Rate per 100,000"
Rehoboth,2014,N/A,2014,Total,Total all ages,All Races - Ethnicities,Hospitalization - Chronic Illness,Diabetes,Admissions/Observations,Age-Adjusted Rate,12156.55595554,NS,NS,NS,NS,N/A,NS,"Age-Adjusted Rate per 100,000"
Revere,2014,N/A,2014,Total,Total all ages,All Races - Ethnicities,Hospitalization - Chronic Illness,Diabetes,Admissions/Observations,Age-Adjusted Rate,57113.16464897,107,181.3,146.9,215.7,N/A,Stable,"Age-Adjusted Rate per 100,000"
Richmond,2014,N/A,2014,Total,Total all ages,All Races - Ethnicities,Hospitalization - Chronic Illness,Diabetes,Admissions/Observations,Age-Adjusted Rate,1400.71698117,NS,NS,NS,NS,N/A,NS,"Age-Adjusted Rate per 100,000"
Rochester,2014,N/A,2014,Total,Total all ages,All Races - Ethnicities,Hospitalization - Chronic Illness,Diabetes,Admissions/Observations,Age-Adjusted Rate,5461.91974115,NS,NS,NS,NS,N/A,NS,"Age-Adjusted Rate per 100,000"
Rockland,2014,N/A,2014,Total,Total all ages,All Races - Ethnicities,Hospitalization - Chronic Illness,Diabetes,Admissions/Observations,Age-Adjusted Rate,17796.01244691,38,183.8,125.4,242.2,N/A,Stable,"Age-Adjusted Rate per 100,000"
Rockport,2014,N/A,2014,Total,Total all ages,All Races - Ethnicities,Hospitalization - Chronic Illness,Diabetes,Admissions/Observations,Age-Adjusted Rate,6836.14215678,16,127.8,65.2,190.4,N/A,Stable,"Age-Adjusted Rate per 100,000"
Rowe,2014,N/A,2014,Total,Total all ages,All Races - Ethnicities,Hospitalization - Chronic Illness,Diabetes,Admissions/Observations,Age-Adjusted Rate,368.07240191,NS,NS,NS,NS,N/A,NS,"Age-Adjusted Rate per 100,000"
Rowley,2014,N/A,2014,Total,Total all ages,All Races - Ethnicities,Hospitalization - Chronic Illness,Diabetes,Admissions/Observations,Age-Adjusted Rate,6070.32765082,NS,NS,NS,NS,N/A,NS,"Age-Adjusted Rate per 100,000"
Royalston,2014,N/A,2014,Total,Total all ages,All Races - Ethnicities,Hospitalization - Chronic Illness,Diabetes,Admissions/Observations,Age-Adjusted Rate,1273.20244852,0,0,0,0,N/A,Unstable,"Age-Adjusted Rate per 100,000"
Russell,2014,N/A,2014,Total,Total all ages,All Races - Ethnicities,Hospitalization - Chronic Illness,Diabetes,Admissions/Observations,Age-Adjusted Rate,1845.75065215,NS,NS,NS,NS,N/A,NS,"Age-Adjusted Rate per 100,000"
Rutland,2014,N/A,2014,Total,Total all ages,All Races - Ethnicities,Hospitalization - Chronic Illness,Diabetes,Admissions/Observations,Age-Adjusted Rate,8502.08062696,12,166.9,72.5,261.3,N/A,Stable,"Age-Adjusted Rate per 100,000"
Salem,2014,N/A,2014,Total,Total all ages,All Races - Ethnicities,Hospitalization - Chronic Illness,Diabetes,Admissions/Observations,Age-Adjusted Rate,43534.03595527,59,124.4,92.7,156.1,N/A,Stable,"Age-Adjusted Rate per 100,000"
Salisbury,2014,N/A,2014,Total,Total all ages,All Races - Ethnicities,Hospitalization - Chronic Illness,Diabetes,Admissions/Observations,Age-Adjusted Rate,8655.40830059,NS,NS,NS,NS,N/A,NS,"Age-Adjusted Rate per 100,000"
Sandisfield,2014,N/A,2014,Total,Total all ages,All Races - Ethnicities,Hospitalization - Chronic Illness,Diabetes,Admissions/Observations,Age-Adjusted Rate,920.45464311,0,0,0,0,N/A,Unstable,"Age-Adjusted Rate per 100,000"
Sandwich,2014,N/A,2014,Total,Total all ages,All Races - Ethnicities,Hospitalization - Chronic Illness,Diabetes,Admissions/Observations,Age-Adjusted Rate,20808.83771679,23,129.9,76.8,183,N/A,Stable,"Age-Adjusted Rate per 100,000"
Saugus,2014,N/A,2014,Total,Total all ages,All Races - Ethnicities,Hospitalization - Chronic Illness,Diabetes,Admissions/Observations,Age-Adjusted Rate,27753.42631199,41,117.7,81.7,153.7,N/A,Stable,"Age-Adjusted Rate per 100,000"
Savoy,2014,N/A,2014,Total,Total all ages,All Races - Ethnicities,Hospitalization - Chronic Illness,Diabetes,Admissions/Observations,Age-Adjusted Rate,659.76409663,NS,NS,NS,NS,N/A,NS,"Age-Adjusted Rate per 100,000"
Scituate,2014,N/A,2014,Total,Total all ages,All Races - Ethnicities,Hospitalization - Chronic Illness,Diabetes,Admissions/Observations,Age-Adjusted Rate,18187.72939014,31,142.4,92.3,192.5,N/A,Stable,"Age-Adjusted Rate per 100,000"
Seekonk,2014,N/A,2014,Total,Total all ages,All Races - Ethnicities,Hospitalization - Chronic Illness,Diabetes,Admissions/Observations,Age-Adjusted Rate,13896.38357021,NS,NS,NS,NS,N/A,NS,"Age-Adjusted Rate per 100,000"
Sharon,2014,N/A,2014,Total,Total all ages,All Races - Ethnicities,Hospitalization - Chronic Illness,Diabetes,Admissions/Observations,Age-Adjusted Rate,18108.860926,18,75.7,40.7,110.7,N/A,Stable,"Age-Adjusted Rate per 100,000"
Sheffield,2014,N/A,2014,Total,Total all ages,All Races - Ethnicities,Hospitalization - Chronic Illness,Diabetes,Admissions/Observations,Age-Adjusted Rate,3161.06022113,NS,NS,NS,NS,N/A,NS,"Age-Adjusted Rate per 100,000"
Shelburne,2014,N/A,2014,Total,Total all ages,All Races - Ethnicities,Hospitalization - Chronic Illness,Diabetes,Admissions/Observations,Age-Adjusted Rate,1873.7025261,NS,NS,NS,NS,N/A,NS,"Age-Adjusted Rate per 100,000"
Sherborn,2014,N/A,2014,Total,Total all ages,All Races - Ethnicities,Hospitalization - Chronic Illness,Diabetes,Admissions/Observations,Age-Adjusted Rate,4031.41694949,NS,NS,NS,NS,N/A,NS,"Age-Adjusted Rate per 100,000"
Shirley,2014,N/A,2014,Total,Total all ages,All Races - Ethnicities,Hospitalization - Chronic Illness,Diabetes,Admissions/Observations,Age-Adjusted Rate,7875.58155762,NS,NS,NS,NS,N/A,NS,"Age-Adjusted Rate per 100,000"
Shrewsbury,2014,N/A,2014,Total,Total all ages,All Races - Ethnicities,Hospitalization - Chronic Illness,Diabetes,Admissions/Observations,Age-Adjusted Rate,37470.43822355,35,83.3,55.7,110.9,N/A,Stable,"Age-Adjusted Rate per 100,000"
Shutesbury,2014,N/A,2014,Total,Total all ages,All Races - Ethnicities,Hospitalization - Chronic Illness,Diabetes,Admissions/Observations,Age-Adjusted Rate,1755.08833935,NS,NS,NS,NS,N/A,NS,"Age-Adjusted Rate per 100,000"
Somerset,2014,N/A,2014,Total,Total all ages,All Races - Ethnicities,Hospitalization - Chronic Illness,Diabetes,Admissions/Observations,Age-Adjusted Rate,18384.73685939,22,102.9,59.9,145.9,N/A,Stable,"Age-Adjusted Rate per 100,000"
Somerville,2014,N/A,2014,Total,Total all ages,All Races - Ethnicities,Hospitalization - Chronic Illness,Diabetes,Admissions/Observations,Age-Adjusted Rate,76839.11742669,83,126.4,99.2,153.6,N/A,Stable,"Age-Adjusted Rate per 100,000"
South Hadley,2014,N/A,2014,Total,Total all ages,All Races - Ethnicities,Hospitalization - Chronic Illness,Diabetes,Admissions/Observations,Age-Adjusted Rate,17874.81753992,24,120.7,72.4,169,N/A,Stable,"Age-Adjusted Rate per 100,000"
Southampton,2014,N/A,2014,Total,Total all ages,All Races - Ethnicities,Hospitalization - Chronic Illness,Diabetes,Admissions/Observations,Age-Adjusted Rate,5888.65399346,NS,NS,NS,NS,N/A,NS,"Age-Adjusted Rate per 100,000"
Southborough,2014,N/A,2014,Total,Total all ages,All Races - Ethnicities,Hospitalization - Chronic Illness,Diabetes,Admissions/Observations,Age-Adjusted Rate,9764.98068444,NS,NS,NS,NS,N/A,NS,"Age-Adjusted Rate per 100,000"
Southbridge,2014,N/A,2014,Total,Total all ages,All Races - Ethnicities,Hospitalization - Chronic Illness,Diabetes,Admissions/Observations,Age-Adjusted Rate,16732.80998915,37,207.5,140.6,274.4,N/A,Stable,"Age-Adjusted Rate per 100,000"
Southwick,2014,N/A,2014,Total,Total all ages,All Races - Ethnicities,Hospitalization - Chronic Illness,Diabetes,Admissions/Observations,Age-Adjusted Rate,9721.09613884,26,276.5,170.2,382.8,N/A,Stable,"Age-Adjusted Rate per 100,000"
Spencer,2014,N/A,2014,Total,Total all ages,All Races - Ethnicities,Hospitalization - Chronic Illness,Diabetes,Admissions/Observations,Age-Adjusted Rate,11646.95998061,18,149.4,80.4,218.4,N/A,Stable,"Age-Adjusted Rate per 100,000"
Springfield,2014,N/A,2014,Total,Total all ages,All Races - Ethnicities,Hospitalization - Chronic Illness,Diabetes,Admissions/Observations,Age-Adjusted Rate,156190.56468804,411,280.8,253.7,307.9,N/A,Stable,"Age-Adjusted Rate per 100,000"
Sterling,2014,N/A,2014,Total,Total all ages,All Races - Ethnicities,Hospitalization - Chronic Illness,Diabetes,Admissions/Observations,Age-Adjusted Rate,7870.7176593,NS,NS,NS,NS,N/A,NS,"Age-Adjusted Rate per 100,000"
Stockbridge,2014,N/A,2014,Total,Total all ages,All Races - Ethnicities,Hospitalization - Chronic Illness,Diabetes,Admissions/Observations,Age-Adjusted Rate,1853.67524476,0,0,0,0,N/A,Unstable,"Age-Adjusted Rate per 100,000"
Stoneham,2014,N/A,2014,Total,Total all ages,All Races - Ethnicities,Hospitalization - Chronic Illness,Diabetes,Admissions/Observations,Age-Adjusted Rate,22060.97154117,24,77.9,46.7,109.1,N/A,Stable,"Age-Adjusted Rate per 100,000"
Stoughton,2014,N/A,2014,Total,Total all ages,All Races - Ethnicities,Hospitalization - Chronic Illness,Diabetes,Admissions/Observations,Age-Adjusted Rate,27464.4998746,77,252.7,196.3,309.1,N/A,Stable,"Age-Adjusted Rate per 100,000"
Stow,2014,N/A,2014,Total,Total all ages,All Races - Ethnicities,Hospitalization - Chronic Illness,Diabetes,Admissions/Observations,Age-Adjusted Rate,6957.35607522,NS,NS,NS,NS,N/A,NS,"Age-Adjusted Rate per 100,000"
Sturbridge,2014,N/A,2014,Total,Total all ages,All Races - Ethnicities,Hospitalization - Chronic Illness,Diabetes,Admissions/Observations,Age-Adjusted Rate,9865.53692703,13,108.5,49.5,167.5,N/A,Stable,"Age-Adjusted Rate per 100,000"
Sudbury,2014,N/A,2014,Total,Total all ages,All Races - Ethnicities,Hospitalization - Chronic Illness,Diabetes,Admissions/Observations,Age-Adjusted Rate,17954.49207897,NS,NS,NS,NS,N/A,NS,"Age-Adjusted Rate per 100,000"
Sunderland,2014,N/A,2014,Total,Total all ages,All Races - Ethnicities,Hospitalization - Chronic Illness,Diabetes,Admissions/Observations,Age-Adjusted Rate,3803.07167718,NS,NS,NS,NS,N/A,NS,"Age-Adjusted Rate per 100,000"
Sutton,2014,N/A,2014,Total,Total all ages,All Races - Ethnicities,Hospitalization - Chronic Illness,Diabetes,Admissions/Observations,Age-Adjusted Rate,9007.36990456,NS,NS,NS,NS,N/A,NS,"Age-Adjusted Rate per 100,000"
Swampscott,2014,N/A,2014,Total,Total all ages,All Races - Ethnicities,Hospitalization - Chronic Illness,Diabetes,Admissions/Observations,Age-Adjusted Rate,13859.63339488,NS,NS,NS,NS,N/A,NS,"Age-Adjusted Rate per 100,000"
Swansea,2014,N/A,2014,Total,Total all ages,All Races - Ethnicities,Hospitalization - Chronic Illness,Diabetes,Admissions/Observations,Age-Adjusted Rate,15968.45194367,28,154.8,97.5,212.1,N/A,Stable,"Age-Adjusted Rate per 100,000"
Taunton,2014,N/A,2014,Total,Total all ages,All Races - Ethnicities,Hospitalization - Chronic Illness,Diabetes,Admissions/Observations,Age-Adjusted Rate,56368.16050727,131,209,173.2,244.8,N/A,Stable,"Age-Adjusted Rate per 100,000"
Templeton,2014,N/A,2014,Total,Total all ages,All Races - Ethnicities,Hospitalization - Chronic Illness,Diabetes,Admissions/Observations,Age-Adjusted Rate,8491.80111748,16,160,81.6,238.4,N/A,Stable,"Age-Adjusted Rate per 100,000"
Tewksbury,2014,N/A,2014,Total,Total all ages,All Races - Ethnicities,Hospitalization - Chronic Illness,Diabetes,Admissions/Observations,Age-Adjusted Rate,30140.84695375,45,122.7,86.8,158.6,N/A,Stable,"Age-Adjusted Rate per 100,000"
Tisbury,2014,N/A,2014,Total,Total all ages,All Races - Ethnicities,Hospitalization - Chronic Illness,Diabetes,Admissions/Observations,Age-Adjusted Rate,4142.52932068,NS,NS,NS,NS,N/A,NS,"Age-Adjusted Rate per 100,000"
Tolland,2014,N/A,2014,Total,Total all ages,All Races - Ethnicities,Hospitalization - Chronic Illness,Diabetes,Admissions/Observations,Age-Adjusted Rate,456.31239352,0,0,0,0,N/A,Unstable,"Age-Adjusted Rate per 100,000"
Topsfield,2014,N/A,2014,Total,Total all ages,All Races - Ethnicities,Hospitalization - Chronic Illness,Diabetes,Admissions/Observations,Age-Adjusted Rate,6020.03728724,NS,NS,NS,NS,N/A,NS,"Age-Adjusted Rate per 100,000"
Townsend,2014,N/A,2014,Total,Total all ages,All Races - Ethnicities,Hospitalization - Chronic Illness,Diabetes,Admissions/Observations,Age-Adjusted Rate,9143.05842035,NS,NS,NS,NS,N/A,NS,"Age-Adjusted Rate per 100,000"
Truro,2014,N/A,2014,Total,Total all ages,All Races - Ethnicities,Hospitalization - Chronic Illness,Diabetes,Admissions/Observations,Age-Adjusted Rate,1985.86506721,NS,NS,NS,NS,N/A,NS,"Age-Adjusted Rate per 100,000"
Tyngsborough,2014,N/A,2014,Total,Total all ages,All Races - Ethnicities,Hospitalization - Chronic Illness,Diabetes,Admissions/Observations,Age-Adjusted Rate,11756.79175433,NS,NS,NS,NS,N/A,NS,"Age-Adjusted Rate per 100,000"
Tyringham,2014,N/A,2014,Total,Total all ages,All Races - Ethnicities,Hospitalization - Chronic Illness,Diabetes,Admissions/Observations,Age-Adjusted Rate,288.01021881,0,0,0,0,N/A,Unstable,"Age-Adjusted Rate per 100,000"
Upton,2014,N/A,2014,Total,Total all ages,All Races - Ethnicities,Hospitalization - Chronic Illness,Diabetes,Admissions/Observations,Age-Adjusted Rate,8303.03385624,14,188.2,89.6,286.8,N/A,Stable,"Age-Adjusted Rate per 100,000"
Uxbridge,2014,N/A,2014,Total,Total all ages,All Races - Ethnicities,Hospitalization - Chronic Illness,Diabetes,Admissions/Observations,Age-Adjusted Rate,14465.52774687,12,72.5,31.5,113.5,N/A,Stable,"Age-Adjusted Rate per 100,000"
Wakefield,2014,N/A,2014,Total,Total all ages,All Races - Ethnicities,Hospitalization - Chronic Illness,Diabetes,Admissions/Observations,Age-Adjusted Rate,26176.13874888,24,83.1,49.9,116.3,N/A,Stable,"Age-Adjusted Rate per 100,000"
Wales,2014,N/A,2014,Total,Total all ages,All Races - Ethnicities,Hospitalization - Chronic Illness,Diabetes,Admissions/Observations,Age-Adjusted Rate,1888.44409429,0,0,0,0,N/A,Unstable,"Age-Adjusted Rate per 100,000"
Walpole,2014,N/A,2014,Total,Total all ages,All Races - Ethnicities,Hospitalization - Chronic Illness,Diabetes,Admissions/Observations,Age-Adjusted Rate,25163.60589884,26,102.1,62.9,141.3,N/A,Stable,"Age-Adjusted Rate per 100,000"
Waltham,2014,N/A,2014,Total,Total all ages,All Races - Ethnicities,Hospitalization - Chronic Illness,Diabetes,Admissions/Observations,Age-Adjusted Rate,64189.54952083,82,124.2,97.3,151.1,N/A,Stable,"Age-Adjusted Rate per 100,000"
Ware,2014,N/A,2014,Total,Total all ages,All Races - Ethnicities,Hospitalization - Chronic Illness,Diabetes,Admissions/Observations,Age-Adjusted Rate,9999.11993815,24,204.4,122.6,286.2,N/A,Stable,"Age-Adjusted Rate per 100,000"
Wareham,2014,N/A,2014,Total,Total all ages,All Races - Ethnicities,Hospitalization - Chronic Illness,Diabetes,Admissions/Observations,Age-Adjusted Rate,22926.62519866,89,327.6,259.5,395.7,N/A,Stable,"Age-Adjusted Rate per 100,000"
Warren,2014,N/A,2014,Total,Total all ages,All Races - Ethnicities,Hospitalization - Chronic Illness,Diabetes,Admissions/Observations,Age-Adjusted Rate,5295.30927542,NS,NS,NS,NS,N/A,NS,"Age-Adjusted Rate per 100,000"
Warwick,2014,N/A,2014,Total,Total all ages,All Races - Ethnicities,Hospitalization - Chronic Illness,Diabetes,Admissions/Observations,Age-Adjusted Rate,767.96514816,NS,NS,NS,NS,N/A,NS,"Age-Adjusted Rate per 100,000"
Washington,2014,N/A,2014,Total,Total all ages,All Races - Ethnicities,Hospitalization - Chronic Illness,Diabetes,Admissions/Observations,Age-Adjusted Rate,497.10713951,0,0,0,0,N/A,Unstable,"Age-Adjusted Rate per 100,000"
Watertown,2014,N/A,2014,Total,Total all ages,All Races - Ethnicities,Hospitalization - Chronic Illness,Diabetes,Admissions/Observations,Age-Adjusted Rate,32783.27046077,46,117.8,83.8,151.8,N/A,Stable,"Age-Adjusted Rate per 100,000"
Wayland,2014,N/A,2014,Total,Total all ages,All Races - Ethnicities,Hospitalization - Chronic Illness,Diabetes,Admissions/Observations,Age-Adjusted Rate,13274.0052017,17,101.3,53.1,149.5,N/A,Stable,"Age-Adjusted Rate per 100,000"
Webster,2014,N/A,2014,Total,Total all ages,All Races - Ethnicities,Hospitalization - Chronic Illness,Diabetes,Admissions/Observations,Age-Adjusted Rate,17015.00881998,46,227.8,162,293.6,N/A,Stable,"Age-Adjusted Rate per 100,000"
Wellesley,2014,N/A,2014,Total,Total all ages,All Races - Ethnicities,Hospitalization - Chronic Illness,Diabetes,Admissions/Observations,Age-Adjusted Rate,29009.45676036,21,66.2,37.9,94.5,N/A,Stable,"Age-Adjusted Rate per 100,000"
Wellfleet,2014,N/A,2014,Total,Total all ages,All Races - Ethnicities,Hospitalization - Chronic Illness,Diabetes,Admissions/Observations,Age-Adjusted Rate,2750.15643062,NS,NS,NS,NS,N/A,NS,"Age-Adjusted Rate per 100,000"
Wendell,2014,N/A,2014,Total,Total all ages,All Races - Ethnicities,Hospitalization - Chronic Illness,Diabetes,Admissions/Observations,Age-Adjusted Rate,800.8892599,NS,NS,NS,NS,N/A,NS,"Age-Adjusted Rate per 100,000"
Wenham,2014,N/A,2014,Total,Total all ages,All Races - Ethnicities,Hospitalization - Chronic Illness,Diabetes,Admissions/Observations,Age-Adjusted Rate,5111.85045293,NS,NS,NS,NS,N/A,NS,"Age-Adjusted Rate per 100,000"
West Boylston,2014,N/A,2014,Total,Total all ages,All Races - Ethnicities,Hospitalization - Chronic Illness,Diabetes,Admissions/Observations,Age-Adjusted Rate,7779.78960944,18,187.1,100.7,273.5,N/A,Stable,"Age-Adjusted Rate per 100,000"
West Bridgewater,2014,N/A,2014,Total,Total all ages,All Races - Ethnicities,Hospitalization - Chronic Illness,Diabetes,Admissions/Observations,Age-Adjusted Rate,7098.78691662,NS,NS,NS,NS,N/A,NS,"Age-Adjusted Rate per 100,000"
West Brookfield,2014,N/A,2014,Total,Total all ages,All Races - Ethnicities,Hospitalization - Chronic Illness,Diabetes,Admissions/Observations,Age-Adjusted Rate,3714.86383506,NS,NS,NS,NS,N/A,NS,"Age-Adjusted Rate per 100,000"
West Newbury,2014,N/A,2014,Total,Total all ages,All Races - Ethnicities,Hospitalization - Chronic Illness,Diabetes,Admissions/Observations,Age-Adjusted Rate,4195.95576252,NS,NS,NS,NS,N/A,NS,"Age-Adjusted Rate per 100,000"
West Springfield,2014,N/A,2014,Total,Total all ages,All Races - Ethnicities,Hospitalization - Chronic Illness,Diabetes,Admissions/Observations,Age-Adjusted Rate,29150.47960284,55,158.3,116.5,200.1,N/A,Stable,"Age-Adjusted Rate per 100,000"
West Stockbridge,2014,N/A,2014,Total,Total all ages,All Races - Ethnicities,Hospitalization - Chronic Illness,Diabetes,Admissions/Observations,Age-Adjusted Rate,1252.93437184,NS,NS,NS,NS,N/A,NS,"Age-Adjusted Rate per 100,000"
West Tisbury,2014,N/A,2014,Total,Total all ages,All Races - Ethnicities,Hospitalization - Chronic Illness,Diabetes,Admissions/Observations,Age-Adjusted Rate,2875.12201366,NS,NS,NS,NS,N/A,NS,"Age-Adjusted Rate per 100,000"
Westborough,2014,N/A,2014,Total,Total all ages,All Races - Ethnicities,Hospitalization - Chronic Illness,Diabetes,Admissions/Observations,Age-Adjusted Rate,18533.73668876,19,74.8,41.2,108.4,N/A,Stable,"Age-Adjusted Rate per 100,000"
Westfield,2014,N/A,2014,Total,Total all ages,All Races - Ethnicities,Hospitalization - Chronic Illness,Diabetes,Admissions/Observations,Age-Adjusted Rate,41750.49541367,58,121.7,90.4,153,N/A,Stable,"Age-Adjusted Rate per 100,000"
Westford,2014,N/A,2014,Total,Total all ages,All Races - Ethnicities,Hospitalization - Chronic Illness,Diabetes,Admissions/Observations,Age-Adjusted Rate,22764.56850293,11,52.4,21.4,83.4,N/A,Unstable,"Age-Adjusted Rate per 100,000"
Westhampton,2014,N/A,2014,Total,Total all ages,All Races - Ethnicities,Hospitalization - Chronic Illness,Diabetes,Admissions/Observations,Age-Adjusted Rate,1647.49615286,NS,NS,NS,NS,N/A,NS,"Age-Adjusted Rate per 100,000"
Westminster,2014,N/A,2014,Total,Total all ages,All Races - Ethnicities,Hospitalization - Chronic Illness,Diabetes,Admissions/Observations,Age-Adjusted Rate,7332.87278747,NS,NS,NS,NS,N/A,NS,"Age-Adjusted Rate per 100,000"
Weston,2014,N/A,2014,Total,Total all ages,All Races - Ethnicities,Hospitalization - Chronic Illness,Diabetes,Admissions/Observations,Age-Adjusted Rate,11280.64714132,11,68.9,28.2,109.6,N/A,Unstable,"Age-Adjusted Rate per 100,000"
Westport,2014,N/A,2014,Total,Total all ages,All Races - Ethnicities,Hospitalization - Chronic Illness,Diabetes,Admissions/Observations,Age-Adjusted Rate,16139.66357095,19,119.1,65.5,172.7,N/A,Stable,"Age-Adjusted Rate per 100,000"
Westwood,2014,N/A,2014,Total,Total all ages,All Races - Ethnicities,Hospitalization - Chronic Illness,Diabetes,Admissions/Observations,Age-Adjusted Rate,14793.41718896,NS,NS,NS,NS,N/A,NS,"Age-Adjusted Rate per 100,000"
Weymouth,2014,N/A,2014,Total,Total all ages,All Races - Ethnicities,Hospitalization - Chronic Illness,Diabetes,Admissions/Observations,Age-Adjusted Rate,55259.89377285,116,172.7,141.3,204.1,N/A,Stable,"Age-Adjusted Rate per 100,000"
Whately,2014,N/A,2014,Total,Total all ages,All Races - Ethnicities,Hospitalization - Chronic Illness,Diabetes,Admissions/Observations,Age-Adjusted Rate,1485.58012499,0,0,0,0,N/A,Unstable,"Age-Adjusted Rate per 100,000"
Whitman,2014,N/A,2014,Total,Total all ages,All Races - Ethnicities,Hospitalization - Chronic Illness,Diabetes,Admissions/Observations,Age-Adjusted Rate,14958.87175796,28,181.1,114,248.2,N/A,Stable,"Age-Adjusted Rate per 100,000"
Wilbraham,2014,N/A,2014,Total,Total all ages,All Races - Ethnicities,Hospitalization - Chronic Illness,Diabetes,Admissions/Observations,Age-Adjusted Rate,14479.65953311,11,64.6,26.4,102.8,N/A,Unstable,"Age-Adjusted Rate per 100,000"
Williamsburg,2014,N/A,2014,Total,Total all ages,All Races - Ethnicities,Hospitalization - Chronic Illness,Diabetes,Admissions/Observations,Age-Adjusted Rate,2465.93707704,0,0,0,0,N/A,Unstable,"Age-Adjusted Rate per 100,000"
Williamstown,2014,N/A,2014,Total,Total all ages,All Races - Ethnicities,Hospitalization - Chronic Illness,Diabetes,Admissions/Observations,Age-Adjusted Rate,7626.89308117,20,216.6,121.7,311.5,N/A,Stable,"Age-Adjusted Rate per 100,000"
Wilmington,2014,N/A,2014,Total,Total all ages,All Races - Ethnicities,Hospitalization - Chronic Illness,Diabetes,Admissions/Observations,Age-Adjusted Rate,23535.47645312,23,87.7,51.9,123.5,N/A,Stable,"Age-Adjusted Rate per 100,000"
Winchendon,2014,N/A,2014,Total,Total all ages,All Races - Ethnicities,Hospitalization - Chronic Illness,Diabetes,Admissions/Observations,Age-Adjusted Rate,10549.4118411,20,196.9,110.6,283.2,N/A,Stable,"Age-Adjusted Rate per 100,000"
Winchester,2014,N/A,2014,Total,Total all ages,All Races - Ethnicities,Hospitalization - Chronic Illness,Diabetes,Admissions/Observations,Age-Adjusted Rate,22021.89827281,16,82.2,41.9,122.5,N/A,Stable,"Age-Adjusted Rate per 100,000"
Windsor,2014,N/A,2014,Total,Total all ages,All Races - Ethnicities,Hospitalization - Chronic Illness,Diabetes,Admissions/Observations,Age-Adjusted Rate,875.46448556,0,0,0,0,N/A,Unstable,"Age-Adjusted Rate per 100,000"
Winthrop,2014,N/A,2014,Total,Total all ages,All Races - Ethnicities,Hospitalization - Chronic Illness,Diabetes,Admissions/Observations,Age-Adjusted Rate,18384.28424169,37,163.4,110.7,216.1,N/A,Stable,"Age-Adjusted Rate per 100,000"
Woburn,2014,N/A,2014,Total,Total all ages,All Races - Ethnicities,Hospitalization - Chronic Illness,Diabetes,Admissions/Observations,Age-Adjusted Rate,40133.32771282,68,146.4,111.6,181.2,N/A,Stable,"Age-Adjusted Rate per 100,000"
Worcester,2014,N/A,2014,Total,Total all ages,All Races - Ethnicities,Hospitalization - Chronic Illness,Diabetes,Admissions/Observations,Age-Adjusted Rate,186109.0388512,440,236.5,214.4,258.6,N/A,Stable,"Age-Adjusted Rate per 100,000"
Worthington,2014,N/A,2014,Total,Total all ages,All Races - Ethnicities,Hospitalization - Chronic Illness,Diabetes,Admissions/Observations,Age-Adjusted Rate,1107.08501228,NS,NS,NS,NS,N/A,NS,"Age-Adjusted Rate per 100,000"
Wrentham,2014,N/A,2014,Total,Total all ages,All Races - Ethnicities,Hospitalization - Chronic Illness,Diabetes,Admissions/Observations,Age-Adjusted Rate,11220.24813493,13,87.9,40.1,135.7,N/A,Stable,"Age-Adjusted Rate per 100,000"
Yarmouth,2014,N/A,2014,Total,Total all ages,All Races - Ethnicities,Hospitalization - Chronic Illness,Diabetes,Admissions/Observations,Age-Adjusted Rate,23846.7266911,49,206.6,148.8,264.4,N/A,Stable,"Age-Adjusted Rate per 100,000"
